exchange,executed_quantity,executed_quantity_minmax,execution_price,execution_price_minmax,execution_time,order_id,order_price,order_price_minmax,order_status,order_time,order_type,quantity,quantity_minmax,row_id,side,symbol,timestamp,trader_id,volume,volume_minmax,_rescued_data
NSE,124,0.493,1410.3,0.4819,2026-02-20 09:15:15,ORD000*******,1410.0,0.4818,FILLED,2026-02-20 09:15:00,LIMIT,124,0.1231,1,B**,RELIANCE.NS,2026-02-20 09:15:00,TRD****,0.0,0.0,
NSE,313,0.5651,1411.39,0.4823,2026-02-20 09:16:31,ORD000*******,1411.7,0.4825,FILLED,2026-02-20 09:16:00,STOP,313,0.3123,2,SE**,RELIANCE.NS,2026-02-20 09:16:00,TRD****,38756.0,0.1247,
NSE,470,0.7034,1408.79,0.4813,2026-02-20 09:17:39,ORD000*******,1408.5,0.4812,FILLED,2026-02-20 09:17:00,LIMIT,470,0.4695,3,B**,RELIANCE.NS,2026-02-20 09:17:00,TRD****,30935.0,0.0995,
NSE,538,0.5371,1409.77,0.4817,2026-02-20 09:18:56,ORD000*******,1410.0,0.4818,PARTIAL,2026-02-20 09:18:00,STOP,653,0.6527,4,SE**,RELIANCE.NS,2026-02-20 09:18:00,TRD****,30540.0,0.0983,
NSE,13,0.2725,1409.92,0.4817,2026-02-20 09:19:34,ORD000*******,1410.4,0.482,FILLED,2026-02-20 09:19:00,MARKET,13,0.012,5,B**,RELIANCE.NS,2026-02-20 09:19:00,TRD****,24419.0,0.0786,
NSE,25,0.023,1411.65,0.4824,2026-02-20 09:20:38,ORD000*******,1412.0,0.4826,FILLED,2026-02-20 09:20:00,MARKET,890,0.8899,6,B**,RELIANCE.NS,2026-02-20 09:20:00,TRD****,26079.0,0.0839,
NSE,101,0.0992,1412.61,0.4828,2026-02-20 09:21:58,ORD000*******,1412.2,0.4827,PARTIAL,2026-02-20 09:21:00,MARKET,661,0.6607,7,B**,RELIANCE.NS,2026-02-20 09:21:00,TRD****,30993.0,0.0997,
NSE,687,0.8647,1413.07,0.483,2026-02-20 09:22:27,ORD000*******,1413.1,0.4831,FILLED,2026-02-20 09:22:00,LIMIT,687,0.6867,8,B**,RELIANCE.NS,2026-02-20 09:22:00,TRD****,12574.0,0.0405,
NSE,60,0.8076,1412.37,0.4827,2026-02-20 09:23:48,ORD000*******,1412.6,0.4829,CANCELLED,2026-02-20 09:23:00,LIMIT,60,0.0591,9,B**,RELIANCE.NS,2026-02-20 09:23:00,TRD****,14754.0,0.0475,
NSE,79,0.0772,1411.11,0.4822,2026-02-20 09:24:49,ORD000*******,1411.4,0.4824,PARTIAL,2026-02-20 09:24:00,MARKET,621,0.6206,10,B**,RELIANCE.NS,2026-02-20 09:24:00,TRD****,9801.0,0.0315,
NSE,411,0.4098,1409.46,0.4815,2026-02-20 09:25:44,ORD000*******,1409.4,0.4816,CANCELLED,2026-02-20 09:25:00,STOP,917,0.9169,11,SE**,RELIANCE.NS,2026-02-20 09:25:00,TRD****,18795.0,0.0605,
NSE,360,0.8878,1409.86,0.4817,2026-02-20 09:26:03,ORD000*******,1410.3,0.4819,FILLED,2026-02-20 09:26:00,LIMIT,360,0.3594,12,B**,RELIANCE.NS,2026-02-20 09:26:00,TRD****,17604.0,0.0566,
NSE,576,0.5752,1410.66,0.482,2026-02-20 09:27:40,ORD000*******,1411.0,0.4822,CANCELLED,2026-02-20 09:27:00,STOP,643,0.6426,13,SE**,RELIANCE.NS,2026-02-20 09:27:00,TRD****,14769.0,0.0475,
NSE,91,0.3818,1410.46,0.4819,2026-02-20 09:28:28,ORD000*******,1410.4,0.482,FILLED,2026-02-20 09:28:00,MARKET,91,0.0901,14,SE**,RELIANCE.NS,2026-02-20 09:28:00,TRD****,4801.0,0.0154,
NSE,191,0.1894,1408.11,0.481,2026-02-20 09:29:12,ORD000*******,1408.6,0.4813,CANCELLED,2026-02-20 09:29:00,MARKET,212,0.2112,15,B**,RELIANCE.NS,2026-02-20 09:29:00,TRD****,13363.0,0.043,
NSE,222,0.2455,1410.69,0.482,2026-02-20 09:30:05,ORD000*******,1410.9,0.4822,FILLED,2026-02-20 09:30:00,MARKET,222,0.2212,16,SE**,RELIANCE.NS,2026-02-20 09:30:00,TRD****,14556.0,0.0468,
NSE,37,0.0351,1409.57,0.4816,2026-02-20 09:31:44,ORD000*******,1409.6,0.4817,FILLED,2026-02-20 09:31:00,STOP,378,0.3774,17,SE**,RELIANCE.NS,2026-02-20 09:31:00,TRD****,6847.0,0.022,
NSE,354,0.3948,1411.43,0.4823,2026-02-20 09:32:51,ORD000*******,1411.7,0.4825,CANCELLED,2026-02-20 09:32:00,LIMIT,354,0.3534,18,B**,RELIANCE.NS,2026-02-20 09:32:00,TRD****,11217.0,0.0361,
NSE,207,0.3627,1412.89,0.4829,2026-02-20 09:33:53,ORD000*******,1413.1,0.4831,PARTIAL,2026-02-20 09:33:00,LIMIT,207,0.2062,19,SE**,RELIANCE.NS,2026-02-20 09:33:00,TRD****,17234.0,0.0554,
NSE,1,0.1884,1414.21,0.4834,2026-02-20 09:34:52,ORD000*******,1414.5,0.4836,CANCELLED,2026-02-20 09:34:00,LIMIT,1,0.0,20,B**,RELIANCE.NS,2026-02-20 09:34:00,TRD****,40615.0,0.1307,
NSE,341,0.984,1415.24,0.4839,2026-02-20 09:35:47,ORD000*******,1415.0,0.4838,FILLED,2026-02-20 09:35:00,STOP,341,0.3403,21,B**,RELIANCE.NS,2026-02-20 09:35:00,TRD****,23868.0,0.0768,
NSE,148,0.6914,1416.3,0.4843,2026-02-20 09:36:40,ORD000*******,1416.1,0.4843,CANCELLED,2026-02-20 09:36:00,STOP,148,0.1471,22,B**,RELIANCE.NS,2026-02-20 09:36:00,TRD****,75707.0,0.2436,
NSE,484,0.989,1416.26,0.4843,2026-02-20 09:37:35,ORD000*******,1416.2,0.4843,FILLED,2026-02-20 09:37:00,LIMIT,484,0.4835,23,B**,RELIANCE.NS,2026-02-20 09:37:00,TRD****,61874.0,0.1991,
NSE,253,0.2515,1414.13,0.4834,2026-02-20 09:38:12,ORD000*******,1414.4,0.4836,FILLED,2026-02-20 09:38:00,LIMIT,308,0.3073,24,SE**,RELIANCE.NS,2026-02-20 09:38:00,TRD****,9983.0,0.0321,
NSE,59,0.0571,1414.82,0.4837,2026-02-20 09:39:39,ORD000*******,1414.6,0.4837,FILLED,2026-02-20 09:39:00,STOP,997,0.997,25,B**,RELIANCE.NS,2026-02-20 09:39:00,TRD****,127211.7927270113,0.7774,
NSE,19,0.017,1414.39,0.4835,2026-02-20 09:40:14,ORD000*******,1414.8,0.4838,FILLED,2026-02-20 09:40:00,MARKET,883,0.8829,26,B**,RELIANCE.NS,2026-02-20 09:40:00,TRD****,18366.0,0.0591,
NSE,57,0.0731,1414.94,0.4837,2026-02-20 09:41:28,ORD000*******,1414.5,0.4836,CANCELLED,2026-02-20 09:41:00,MARKET,57,0.0561,27,SE**,RELIANCE.NS,2026-02-20 09:41:00,TRD****,15973.0,0.0514,
NSE,106,0.7615,1416.43,0.4843,2026-02-20 09:42:08,ORD000*******,1416.5,0.4844,PARTIAL,2026-02-20 09:42:00,MARKET,106,0.1051,28,SE**,RELIANCE.NS,2026-02-20 09:42:00,TRD****,117324.0,0.3775,
NSE,45,0.8056,1417.28,0.4847,2026-02-20 09:43:34,ORD000*******,1416.8,0.4846,FILLED,2026-02-20 09:43:00,LIMIT,45,0.044,29,SE**,RELIANCE.NS,2026-02-20 09:43:00,TRD****,8881.0,0.0286,
NSE,644,0.6433,1417.31,0.4847,2026-02-20 09:44:51,ORD000*******,1417.3,0.4848,FILLED,2026-02-20 09:44:00,MARKET,695,0.6947,30,SE**,RELIANCE.NS,2026-02-20 09:44:00,TRD****,17588.0,0.0566,
NSE,191,0.1894,1416.67,0.4844,2026-02-20 09:45:52,ORD000*******,1416.8,0.4846,PARTIAL,2026-02-20 09:45:00,LIMIT,874,0.8739,31,B**,RELIANCE.NS,2026-02-20 09:45:00,TRD****,12089.0,0.0389,
NSE,172,0.981,1416.14,0.4842,2026-02-20 09:46:44,ORD000*******,1416.5,0.4844,PARTIAL,2026-02-20 09:46:00,MARKET,172,0.1712,32,B**,RELIANCE.NS,2026-02-20 09:46:00,TRD****,3971.0,0.0128,
NSE,427,0.5902,1416.96,0.4845,2026-02-20 09:47:57,ORD000*******,1416.9,0.4846,CANCELLED,2026-02-20 09:47:00,MARKET,427,0.4264,33,B**,RELIANCE.NS,2026-02-20 09:47:00,TRD****,10303.0,0.0331,
NSE,295,0.2936,1417.29,0.4847,2026-02-20 09:48:12,ORD000*******,1417.5,0.4848,FILLED,2026-02-20 09:48:00,STOP,516,0.5155,34,SE**,RELIANCE.NS,2026-02-20 09:48:00,TRD****,11268.0,0.0363,
NSE,435,0.9208,1416.16,0.4842,2026-02-20 09:49:15,ORD000*******,1416.0,0.4842,FILLED,2026-02-20 09:49:00,STOP,435,0.4344,35,SE**,RELIANCE.NS,2026-02-20 09:49:00,TRD****,9885.0,0.0318,
NSE,795,0.7946,1417.08,0.4846,2026-02-20 09:50:21,ORD000*******,1416.6,0.4845,PARTIAL,2026-02-20 09:50:00,LIMIT,829,0.8288,36,B**,RELIANCE.NS,2026-02-20 09:50:00,TRD****,7881.0,0.0254,
NSE,243,0.2415,1416.26,0.4843,2026-02-20 09:51:05,ORD000*******,1416.3,0.4844,CANCELLED,2026-02-20 09:51:00,LIMIT,262,0.2613,37,SE**,RELIANCE.NS,2026-02-20 09:51:00,TRD****,5214.0,0.0168,
NSE,201,0.1994,1415.26,0.4839,2026-02-20 09:52:51,ORD000*******,1415.0,0.4838,FILLED,2026-02-20 09:52:00,LIMIT,238,0.2372,38,B**,RELIANCE.NS,2026-02-20 09:52:00,TRD****,9002.0,0.029,
NSE,556,0.5551,1415.9,0.4841,2026-02-20 09:53:19,ORD000*******,1415.5,0.484,CANCELLED,2026-02-20 09:53:00,LIMIT,816,0.8158,39,SE**,RELIANCE.NS,2026-02-20 09:53:00,TRD****,15948.0,0.0513,
NSE,765,0.9158,1415.59,0.484,2026-02-20 09:54:34,ORD000*******,1415.5,0.484,FILLED,2026-02-20 09:54:00,LIMIT,765,0.7648,40,B**,RELIANCE.NS,2026-02-20 09:54:00,TRD****,5648.0,0.0182,
NSE,604,0.6032,1414.84,0.4837,2026-02-20 09:55:18,ORD000*******,1415.1,0.4839,FILLED,2026-02-20 09:55:00,STOP,882,0.8819,41,B**,RELIANCE.NS,2026-02-20 09:55:00,TRD****,4746.0,0.0153,
NSE,707,0.7064,1416.82,0.4845,2026-02-20 09:56:43,ORD000*******,1416.4,0.4844,FILLED,2026-02-20 09:56:00,MARKET,838,0.8378,42,SE**,RELIANCE.NS,2026-02-20 09:56:00,TRD****,10756.0,0.0346,
NSE,449,0.6273,1415.58,0.484,2026-02-20 09:57:37,ORD000*******,1415.6,0.4841,CANCELLED,2026-02-20 09:57:00,STOP,449,0.4484,43,B**,RELIANCE.NS,2026-02-20 09:57:00,TRD****,10297.0,0.0331,
NSE,507,0.506,1415.3,0.4839,2026-02-20 09:58:29,ORD000*******,1414.9,0.4838,FILLED,2026-02-20 09:58:00,LIMIT,763,0.7628,44,SE**,RELIANCE.NS,2026-02-20 09:58:00,TRD****,8127.0,0.0261,
NSE,557,0.5762,1415.23,0.4839,2026-02-20 09:59:33,ORD000*******,1415.5,0.484,FILLED,2026-02-20 09:59:00,LIMIT,557,0.5566,45,B**,RELIANCE.NS,2026-02-20 09:59:00,TRD****,9861.0,0.0317,
NSE,58,0.7786,1414.4,0.4835,2026-02-20 10:01:00,ORD000*******,1414.7,0.4837,FILLED,2026-02-20 10:00:00,MARKET,58,0.0571,46,SE**,RELIANCE.NS,2026-02-20 10:00:00,TRD****,8199.0,0.0264,
NSE,707,0.8637,1414.47,0.4836,2026-02-20 10:01:29,ORD000*******,1414.6,0.4837,FILLED,2026-02-20 10:01:00,LIMIT,707,0.7067,47,SE**,RELIANCE.NS,2026-02-20 10:01:00,TRD****,7352.0,0.0237,
NSE,365,0.3637,1415.05,0.4838,2026-02-20 10:02:23,ORD000*******,1414.6,0.4837,FILLED,2026-02-20 10:02:00,LIMIT,977,0.977,48,SE**,RELIANCE.NS,2026-02-20 10:02:00,TRD****,7217.0,0.0232,
NSE,252,0.7926,1413.1,0.483,2026-02-20 10:03:35,ORD000*******,1413.1,0.4831,FILLED,2026-02-20 10:03:00,LIMIT,252,0.2513,49,B**,RELIANCE.NS,2026-02-20 10:03:00,TRD****,10745.0,0.0346,
NSE,753,0.7525,1414.0,0.4834,2026-02-20 10:04:36,ORD000*******,1414.2,0.4835,FILLED,2026-02-20 10:04:00,STOP,939,0.9389,50,SE**,RELIANCE.NS,2026-02-20 10:04:00,TRD****,11171.0,0.0359,
NSE,345,0.3437,1414.41,0.4835,2026-02-20 10:05:10,ORD000*******,1414.4,0.4836,FILLED,2026-02-20 10:05:00,MARKET,456,0.4555,51,B**,RELIANCE.NS,2026-02-20 10:05:00,TRD****,2699.0,0.0087,
NSE,92,0.9719,1414.83,0.4837,2026-02-20 10:06:57,ORD000*******,1414.8,0.4838,FILLED,2026-02-20 10:06:00,MARKET,92,0.0911,52,SE**,RELIANCE.NS,2026-02-20 10:06:00,TRD****,3782.0,0.0122,
NSE,570,0.986,1414.45,0.4835,2026-02-20 10:07:27,ORD000*******,1414.1,0.4835,FILLED,2026-02-20 10:07:00,STOP,570,0.5696,53,B**,RELIANCE.NS,2026-02-20 10:07:00,TRD****,4776.0,0.0154,
NSE,877,0.8768,1413.1,0.483,2026-02-20 10:08:18,ORD000*******,1412.7,0.4829,CANCELLED,2026-02-20 10:08:00,LIMIT,994,0.994,54,B**,RELIANCE.NS,2026-02-20 10:08:00,TRD****,6549.0,0.0211,
NSE,301,0.2996,1410.79,0.4821,2026-02-20 10:09:39,ORD000*******,1410.8,0.4821,CANCELLED,2026-02-20 10:09:00,MARKET,915,0.9149,55,SE**,RELIANCE.NS,2026-02-20 10:09:00,TRD****,19314.0,0.0621,
NSE,376,0.3747,1411.29,0.4823,2026-02-20 10:10:20,ORD000*******,1411.2,0.4823,FILLED,2026-02-20 10:10:00,LIMIT,496,0.4955,56,SE**,RELIANCE.NS,2026-02-20 10:10:00,TRD****,26840.0,0.0864,
NSE,933,0.9329,1411.91,0.4825,2026-02-20 10:11:41,ORD000*******,1412.4,0.4828,CANCELLED,2026-02-20 10:11:00,STOP,937,0.9369,57,SE**,RELIANCE.NS,2026-02-20 10:11:00,TRD****,10902.0,0.0351,
NSE,381,0.517,1412.19,0.4826,2026-02-20 10:12:02,ORD000*******,1412.1,0.4827,FILLED,2026-02-20 10:12:00,STOP,381,0.3804,58,B**,RELIANCE.NS,2026-02-20 10:12:00,TRD****,13447.0,0.0433,
NSE,182,0.4669,1410.89,0.4821,2026-02-20 10:13:01,ORD000*******,1411.2,0.4823,CANCELLED,2026-02-20 10:13:00,LIMIT,182,0.1812,59,B**,RELIANCE.NS,2026-02-20 10:13:00,TRD****,5704.0,0.0184,
NSE,455,0.4539,1411.1,0.4822,2026-02-20 10:14:07,ORD000*******,1410.8,0.4821,FILLED,2026-02-20 10:14:00,STOP,727,0.7267,60,SE**,RELIANCE.NS,2026-02-20 10:14:00,TRD****,5935.0,0.0191,
NSE,595,0.9349,1411.68,0.4824,2026-02-20 10:16:00,ORD000*******,1411.3,0.4823,FILLED,2026-02-20 10:15:00,STOP,595,0.5946,61,B**,RELIANCE.NS,2026-02-20 10:15:00,TRD****,13981.0,0.045,
NSE,273,0.9138,1413.01,0.483,2026-02-20 10:16:53,ORD000*******,1413.1,0.4831,FILLED,2026-02-20 10:16:00,MARKET,273,0.2723,62,B**,RELIANCE.NS,2026-02-20 10:16:00,TRD****,6542.0,0.021,
NSE,225,0.8267,1413.62,0.4832,2026-02-20 10:17:51,ORD000*******,1413.4,0.4832,FILLED,2026-02-20 10:17:00,LIMIT,225,0.2242,63,SE**,RELIANCE.NS,2026-02-20 10:17:00,TRD****,7645.0,0.0246,
NSE,150,0.1483,1413.55,0.4832,2026-02-20 10:18:49,ORD000*******,1414.0,0.4834,FILLED,2026-02-20 10:18:00,STOP,182,0.1812,64,B**,RELIANCE.NS,2026-02-20 10:18:00,TRD****,5732.0,0.0184,
NSE,427,0.6814,1413.7,0.4832,2026-02-20 10:19:38,ORD000*******,1414.2,0.4835,FILLED,2026-02-20 10:19:00,LIMIT,427,0.4264,65,SE**,RELIANCE.NS,2026-02-20 10:19:00,TRD****,7793.0,0.0251,
NSE,72,0.0701,1413.87,0.4833,2026-02-20 10:20:43,ORD000*******,1414.2,0.4835,FILLED,2026-02-20 10:20:00,MARKET,912,0.9119,66,B**,RELIANCE.NS,2026-02-20 10:20:00,TRD****,14807.0,0.0476,
NSE,868,0.9218,1413.86,0.4833,2026-02-20 10:21:55,ORD000*******,1414.2,0.4835,CANCELLED,2026-02-20 10:21:00,MARKET,868,0.8679,67,SE**,RELIANCE.NS,2026-02-20 10:21:00,TRD****,13864.0,0.0446,
NSE,770,0.7695,1413.83,0.4833,2026-02-20 10:22:45,ORD000*******,1414.2,0.4835,FILLED,2026-02-20 10:22:00,MARKET,867,0.8669,68,SE**,RELIANCE.NS,2026-02-20 10:22:00,TRD****,18498.0,0.0595,
NSE,168,0.4279,1413.59,0.4832,2026-02-20 10:23:10,ORD000*******,1413.4,0.4832,FILLED,2026-02-20 10:23:00,LIMIT,168,0.1672,69,SE**,RELIANCE.NS,2026-02-20 10:23:00,TRD****,11807.0,0.038,
NSE,44,0.6323,1413.87,0.4833,2026-02-20 10:24:39,ORD000*******,1414.2,0.4835,FILLED,2026-02-20 10:24:00,STOP,44,0.043,70,SE**,RELIANCE.NS,2026-02-20 10:24:00,TRD****,7579.0,0.0244,
NSE,6,0.7745,1413.92,0.4833,2026-02-20 10:25:27,ORD000*******,1414.4,0.4836,FILLED,2026-02-20 10:25:00,LIMIT,6,0.005,71,SE**,RELIANCE.NS,2026-02-20 10:25:00,TRD****,8671.0,0.0279,
NSE,306,0.3046,1414.77,0.4837,2026-02-20 10:26:39,ORD000*******,1415.2,0.4839,FILLED,2026-02-20 10:26:00,LIMIT,532,0.5315,72,B**,RELIANCE.NS,2026-02-20 10:26:00,TRD****,10099.0,0.0325,
NSE,268,0.8978,1415.01,0.4838,2026-02-20 10:27:53,ORD000*******,1415.3,0.484,FILLED,2026-02-20 10:27:00,LIMIT,268,0.2673,73,SE**,RELIANCE.NS,2026-02-20 10:27:00,TRD****,17046.0,0.0548,
NSE,149,0.1473,1414.21,0.4834,2026-02-20 10:28:33,ORD000*******,1414.6,0.4837,FILLED,2026-02-20 10:28:00,STOP,288,0.2873,74,B**,RELIANCE.NS,2026-02-20 10:28:00,TRD****,4545.0,0.0146,
NSE,350,0.3487,1414.25,0.4835,2026-02-20 10:29:17,ORD000*******,1414.7,0.4837,FILLED,2026-02-20 10:29:00,LIMIT,716,0.7157,75,SE**,RELIANCE.NS,2026-02-20 10:29:00,TRD****,6926.0,0.0223,
NSE,104,0.7234,1415.79,0.4841,2026-02-20 10:30:32,ORD000*******,1415.6,0.4841,PARTIAL,2026-02-20 10:30:00,LIMIT,104,0.1031,76,B**,RELIANCE.NS,2026-02-20 10:30:00,TRD****,12291.0,0.0395,
NSE,301,0.2996,1415.24,0.4839,2026-02-20 10:31:36,ORD000*******,1415.4,0.484,FILLED,2026-02-20 10:31:00,MARKET,356,0.3554,77,B**,RELIANCE.NS,2026-02-20 10:31:00,TRD****,5260.0,0.0169,
NSE,526,0.5251,1415.93,0.4841,2026-02-20 10:32:04,ORD000*******,1415.5,0.484,FILLED,2026-02-20 10:32:00,STOP,584,0.5836,78,SE**,RELIANCE.NS,2026-02-20 10:32:00,TRD****,9070.0,0.0292,
NSE,688,0.9419,1413.81,0.4833,2026-02-20 10:33:29,ORD000*******,1414.0,0.4834,PARTIAL,2026-02-20 10:33:00,LIMIT,688,0.6877,79,SE**,RELIANCE.NS,2026-02-20 10:33:00,TRD****,83724.0,0.2694,
NSE,559,0.8507,1414.34,0.4835,2026-02-20 10:34:03,ORD000*******,1414.4,0.4836,FILLED,2026-02-20 10:34:00,MARKET,559,0.5586,80,B**,RELIANCE.NS,2026-02-20 10:34:00,TRD****,66617.0,0.2143,
NSE,33,0.4479,1415.17,0.4838,2026-02-20 10:35:04,ORD000*******,1415.5,0.484,CANCELLED,2026-02-20 10:35:00,LIMIT,33,0.032,81,B**,RELIANCE.NS,2026-02-20 10:35:00,TRD****,14091.0,0.0453,
NSE,99,0.0972,1415.7,0.484,2026-02-20 10:36:11,ORD000*******,1416.2,0.4843,FILLED,2026-02-20 10:36:00,STOP,602,0.6016,82,SE**,RELIANCE.NS,2026-02-20 10:36:00,TRD****,8308.0,0.0267,
NSE,591,0.9679,1415.51,0.484,2026-02-20 10:37:21,ORD000*******,1415.9,0.4842,PARTIAL,2026-02-20 10:37:00,LIMIT,591,0.5906,83,B**,RELIANCE.NS,2026-02-20 10:37:00,TRD****,3793.0,0.0122,
NSE,502,0.6072,1415.89,0.4841,2026-02-20 10:38:21,ORD000*******,1416.2,0.4843,FILLED,2026-02-20 10:38:00,STOP,502,0.5015,84,SE**,RELIANCE.NS,2026-02-20 10:38:00,TRD****,14592.0,0.0469,
NSE,941,0.9409,1418.11,0.485,2026-02-20 10:39:07,ORD000*******,1417.8,0.485,PARTIAL,2026-02-20 10:39:00,LIMIT,984,0.984,85,SE**,RELIANCE.NS,2026-02-20 10:39:00,TRD****,20031.0,0.0644,
NSE,98,0.5291,1417.81,0.4849,2026-02-20 10:40:18,ORD000*******,1418.0,0.485,FILLED,2026-02-20 10:40:00,MARKET,98,0.0971,86,SE**,RELIANCE.NS,2026-02-20 10:40:00,TRD****,11868.0,0.0382,
NSE,346,0.6513,1418.5,0.4852,2026-02-20 10:41:27,ORD000*******,1419.0,0.4854,CANCELLED,2026-02-20 10:41:00,LIMIT,346,0.3453,87,B**,RELIANCE.NS,2026-02-20 10:41:00,TRD****,30017.0,0.0966,
NSE,455,0.5982,1419.02,0.4854,2026-02-20 10:42:33,ORD000*******,1419.5,0.4856,FILLED,2026-02-20 10:42:00,STOP,455,0.4545,88,SE**,RELIANCE.NS,2026-02-20 10:42:00,TRD****,44294.0,0.1425,
NSE,214,0.2124,1418.92,0.4853,2026-02-20 10:43:26,ORD000*******,1419.4,0.4856,FILLED,2026-02-20 10:43:00,MARKET,293,0.2923,89,SE**,RELIANCE.NS,2026-02-20 10:43:00,TRD****,7753.0,0.0249,
NSE,591,0.987,1419.78,0.4857,2026-02-20 10:44:26,ORD000*******,1420.0,0.4858,FILLED,2026-02-20 10:44:00,STOP,591,0.5906,90,SE**,RELIANCE.NS,2026-02-20 10:44:00,TRD****,17626.0,0.0567,
NSE,491,0.49,1419.84,0.4857,2026-02-20 10:45:57,ORD000*******,1420.1,0.4859,PARTIAL,2026-02-20 10:45:00,STOP,491,0.4905,91,B**,RELIANCE.NS,2026-02-20 10:45:00,TRD****,22714.0,0.0731,
NSE,114,0.1122,1420.15,0.4858,2026-02-20 10:46:56,ORD000*******,1419.9,0.4858,FILLED,2026-02-20 10:46:00,LIMIT,214,0.2132,92,SE**,RELIANCE.NS,2026-02-20 10:46:00,TRD****,8397.0,0.027,
NSE,151,0.1493,1420.52,0.486,2026-02-20 10:47:21,ORD000*******,1420.1,0.4859,FILLED,2026-02-20 10:47:00,MARKET,640,0.6396,93,SE**,RELIANCE.NS,2026-02-20 10:47:00,TRD****,39379.0,0.1267,
NSE,140,0.1383,1420.45,0.4859,2026-02-20 10:48:51,ORD000*******,1420.5,0.486,CANCELLED,2026-02-20 10:48:00,MARKET,159,0.1582,94,B**,RELIANCE.NS,2026-02-20 10:48:00,TRD****,11225.0,0.0361,
NSE,143,0.7395,1420.43,0.4859,2026-02-20 10:49:18,ORD000*******,1420.3,0.486,CANCELLED,2026-02-20 10:49:00,MARKET,143,0.1421,95,B**,RELIANCE.NS,2026-02-20 10:49:00,TRD****,12907.0,0.0415,
NSE,55,0.3287,1418.52,0.4852,2026-02-20 10:50:24,ORD000*******,1419.0,0.4854,FILLED,2026-02-20 10:50:00,MARKET,55,0.0541,96,SE**,RELIANCE.NS,2026-02-20 10:50:00,TRD****,5409.0,0.0174,
NSE,716,0.8838,1419.58,0.4856,2026-02-20 10:51:01,ORD000*******,1419.6,0.4857,CANCELLED,2026-02-20 10:51:00,MARKET,716,0.7157,97,B**,RELIANCE.NS,2026-02-20 10:51:00,TRD****,7827.0,0.0252,
NSE,647,0.6463,1421.5,0.4864,2026-02-20 10:52:09,ORD000*******,1421.1,0.4863,PARTIAL,2026-02-20 10:52:00,MARKET,974,0.974,98,SE**,RELIANCE.NS,2026-02-20 10:52:00,TRD****,18205.0,0.0586,
NSE,280,0.7786,1420.68,0.486,2026-02-20 10:53:02,ORD000*******,1421.0,0.4862,FILLED,2026-02-20 10:53:00,STOP,280,0.2793,99,B**,RELIANCE.NS,2026-02-20 10:53:00,TRD****,10257.0,0.033,
NSE,23,0.6082,1421.99,0.4866,2026-02-20 10:54:50,ORD000*******,1421.6,0.4865,FILLED,2026-02-20 10:54:00,LIMIT,23,0.022,100,SE**,RELIANCE.NS,2026-02-20 10:54:00,TRD****,7289.0,0.0235,
NSE,200,0.1984,1420.93,0.4861,2026-02-20 10:55:12,ORD000*******,1421.4,0.4864,PARTIAL,2026-02-20 10:55:00,LIMIT,352,0.3514,101,B**,RELIANCE.NS,2026-02-20 10:55:00,TRD****,3571.0,0.0115,
NSE,382,0.3808,1421.63,0.4864,2026-02-20 10:56:51,ORD000*******,1421.3,0.4864,FILLED,2026-02-20 10:56:00,MARKET,718,0.7177,102,B**,RELIANCE.NS,2026-02-20 10:56:00,TRD****,4948.0,0.0159,
NSE,139,0.1373,1421.68,0.4864,2026-02-20 10:57:53,ORD000*******,1421.8,0.4866,FILLED,2026-02-20 10:57:00,LIMIT,458,0.4575,103,SE**,RELIANCE.NS,2026-02-20 10:57:00,TRD****,8153.0,0.0262,
NSE,499,0.9739,1420.22,0.4859,2026-02-20 10:58:12,ORD000*******,1420.1,0.4859,FILLED,2026-02-20 10:58:00,STOP,499,0.4985,104,B**,RELIANCE.NS,2026-02-20 10:58:00,TRD****,36323.0,0.1169,
NSE,122,0.1202,1420.33,0.4859,2026-02-20 10:59:33,ORD000*******,1420.6,0.4861,FILLED,2026-02-20 10:59:00,STOP,474,0.4735,105,SE**,RELIANCE.NS,2026-02-20 10:59:00,TRD****,10405.0,0.0335,
NSE,247,0.8236,1420.72,0.4861,2026-02-20 11:00:54,ORD000*******,1421.1,0.4863,FILLED,2026-02-20 11:00:00,LIMIT,247,0.2462,106,SE**,RELIANCE.NS,2026-02-20 11:00:00,TRD****,3271.0,0.0105,
NSE,233,0.2315,1420.74,0.4861,2026-02-20 11:01:26,ORD000*******,1420.7,0.4861,FILLED,2026-02-20 11:01:00,STOP,238,0.2372,107,SE**,RELIANCE.NS,2026-02-20 11:01:00,TRD****,2761.0,0.0089,
NSE,103,0.6493,1420.54,0.486,2026-02-20 11:02:13,ORD000*******,1420.2,0.4859,FILLED,2026-02-20 11:02:00,MARKET,103,0.1021,108,SE**,RELIANCE.NS,2026-02-20 11:02:00,TRD****,7090.0,0.0228,
NSE,373,0.3717,1420.62,0.486,2026-02-20 11:03:43,ORD000*******,1420.6,0.4861,PARTIAL,2026-02-20 11:03:00,LIMIT,384,0.3834,109,SE**,RELIANCE.NS,2026-02-20 11:03:00,TRD****,21201.0,0.0682,
NSE,105,0.1032,1421.85,0.4865,2026-02-20 11:04:31,ORD000*******,1421.5,0.4864,FILLED,2026-02-20 11:04:00,LIMIT,432,0.4314,110,SE**,RELIANCE.NS,2026-02-20 11:04:00,TRD****,11141.0,0.0358,
NSE,112,0.1102,1422.28,0.4867,2026-02-20 11:05:12,ORD000*******,1421.9,0.4866,FILLED,2026-02-20 11:05:00,MARKET,692,0.6917,111,SE**,RELIANCE.NS,2026-02-20 11:05:00,TRD****,8313.0,0.0267,
NSE,585,0.7936,1421.1,0.4862,2026-02-20 11:06:40,ORD000*******,1421.0,0.4862,FILLED,2026-02-20 11:06:00,STOP,585,0.5846,112,B**,RELIANCE.NS,2026-02-20 11:06:00,TRD****,10244.0,0.033,
NSE,134,0.1323,1421.29,0.4863,2026-02-20 11:07:21,ORD000*******,1421.7,0.4865,CANCELLED,2026-02-20 11:07:00,MARKET,594,0.5936,113,B**,RELIANCE.NS,2026-02-20 11:07:00,TRD****,2411.0,0.0078,
NSE,840,0.9739,1420.33,0.4859,2026-02-20 11:08:47,ORD000*******,1420.5,0.486,CANCELLED,2026-02-20 11:08:00,STOP,840,0.8398,114,B**,RELIANCE.NS,2026-02-20 11:08:00,TRD****,13023.0,0.0419,
NSE,71,0.0691,1420.45,0.4859,2026-02-20 11:09:53,ORD000*******,1420.5,0.486,FILLED,2026-02-20 11:09:00,LIMIT,622,0.6216,115,B**,RELIANCE.NS,2026-02-20 11:09:00,TRD****,2503.0,0.0081,
NSE,73,0.5,1419.48,0.4856,2026-02-20 11:10:03,ORD000*******,1419.0,0.4854,FILLED,2026-02-20 11:10:00,LIMIT,73,0.0721,116,B**,RELIANCE.NS,2026-02-20 11:10:00,TRD****,17950.0,0.0578,
NSE,338,0.5992,1420.3,0.4859,2026-02-20 11:11:16,ORD000*******,1420.2,0.4859,FILLED,2026-02-20 11:11:00,MARKET,338,0.3373,117,B**,RELIANCE.NS,2026-02-20 11:11:00,TRD****,6666.0,0.0214,
NSE,676,0.6754,1421.24,0.4863,2026-02-20 11:12:06,ORD000*******,1421.3,0.4864,PARTIAL,2026-02-20 11:12:00,LIMIT,677,0.6767,118,SE**,RELIANCE.NS,2026-02-20 11:12:00,TRD****,8322.0,0.0268,
NSE,761,0.9279,1420.84,0.4861,2026-02-20 11:13:21,ORD000*******,1420.5,0.486,CANCELLED,2026-02-20 11:13:00,MARKET,761,0.7608,119,SE**,RELIANCE.NS,2026-02-20 11:13:00,TRD****,10198.0,0.0328,
NSE,75,0.0731,1420.59,0.486,2026-02-20 11:14:44,ORD000*******,1420.3,0.486,FILLED,2026-02-20 11:14:00,LIMIT,776,0.7758,120,B**,RELIANCE.NS,2026-02-20 11:14:00,TRD****,13298.0,0.0428,
NSE,537,0.5361,1422.06,0.4866,2026-02-20 11:15:58,ORD000*******,1421.7,0.4865,PARTIAL,2026-02-20 11:15:00,LIMIT,757,0.7568,121,B**,RELIANCE.NS,2026-02-20 11:15:00,TRD****,4918.0,0.0158,
NSE,430,0.4289,1421.66,0.4864,2026-02-20 11:16:47,ORD000*******,1421.3,0.4864,FILLED,2026-02-20 11:16:00,STOP,774,0.7738,122,SE**,RELIANCE.NS,2026-02-20 11:16:00,TRD****,4673.0,0.015,
NSE,23,0.021,1420.87,0.4861,2026-02-20 11:17:23,ORD000*******,1420.6,0.4861,PARTIAL,2026-02-20 11:17:00,STOP,943,0.9429,123,SE**,RELIANCE.NS,2026-02-20 11:17:00,TRD****,6387.0,0.0205,
NSE,236,0.5571,1420.84,0.4861,2026-02-20 11:18:39,ORD000*******,1421.3,0.4864,CANCELLED,2026-02-20 11:18:00,MARKET,236,0.2352,124,SE**,RELIANCE.NS,2026-02-20 11:18:00,TRD****,4634.0,0.0149,
NSE,90,0.0882,1421.29,0.4863,2026-02-20 11:19:03,ORD000*******,1420.9,0.4862,FILLED,2026-02-20 11:19:00,STOP,341,0.3403,125,SE**,RELIANCE.NS,2026-02-20 11:19:00,TRD****,5964.0,0.0192,
NSE,51,0.0491,1421.6,0.4864,2026-02-20 11:20:21,ORD000*******,1421.2,0.4863,CANCELLED,2026-02-20 11:20:00,LIMIT,341,0.3403,126,SE**,RELIANCE.NS,2026-02-20 11:20:00,TRD****,2434.0,0.0078,
NSE,299,0.2976,1419.96,0.4858,2026-02-20 11:21:23,ORD000*******,1420.3,0.486,FILLED,2026-02-20 11:21:00,MARKET,907,0.9069,127,SE**,RELIANCE.NS,2026-02-20 11:21:00,TRD****,5849.0,0.0188,
NSE,41,0.0391,1420.44,0.4859,2026-02-20 11:22:15,ORD000*******,1420.3,0.486,FILLED,2026-02-20 11:22:00,STOP,86,0.0851,128,B**,RELIANCE.NS,2026-02-20 11:22:00,TRD****,8220.0,0.0264,
NSE,169,0.4238,1419.98,0.4858,2026-02-20 11:23:48,ORD000*******,1419.5,0.4856,PARTIAL,2026-02-20 11:23:00,MARKET,169,0.1682,129,SE**,RELIANCE.NS,2026-02-20 11:23:00,TRD****,6071.0,0.0195,
NSE,267,0.4419,1421.01,0.4862,2026-02-20 11:24:58,ORD000*******,1420.9,0.4862,PARTIAL,2026-02-20 11:24:00,STOP,267,0.2663,130,B**,RELIANCE.NS,2026-02-20 11:24:00,TRD****,16840.0,0.0542,
NSE,413,0.6583,1421.68,0.4864,2026-02-20 11:25:29,ORD000*******,1421.2,0.4863,FILLED,2026-02-20 11:25:00,STOP,413,0.4124,131,SE**,RELIANCE.NS,2026-02-20 11:25:00,TRD****,21830.0,0.0702,
NSE,594,0.5932,1421.02,0.4862,2026-02-20 11:26:34,ORD000*******,1421.1,0.4863,FILLED,2026-02-20 11:26:00,STOP,838,0.8378,132,SE**,RELIANCE.NS,2026-02-20 11:26:00,TRD****,3929.0,0.0126,
NSE,152,0.8697,1421.58,0.4864,2026-02-20 11:27:30,ORD000*******,1421.2,0.4863,PARTIAL,2026-02-20 11:27:00,LIMIT,152,0.1512,133,SE**,RELIANCE.NS,2026-02-20 11:27:00,TRD****,3015.0,0.0097,
NSE,152,0.1503,1420.86,0.4861,2026-02-20 11:28:39,ORD000*******,1421.3,0.4864,CANCELLED,2026-02-20 11:28:00,MARKET,356,0.3554,134,SE**,RELIANCE.NS,2026-02-20 11:28:00,TRD****,4242.0,0.0136,
NSE,601,0.7014,1421.48,0.4864,2026-02-20 11:29:26,ORD000*******,1421.0,0.4862,FILLED,2026-02-20 11:29:00,MARKET,601,0.6006,135,B**,RELIANCE.NS,2026-02-20 11:29:00,TRD****,11681.0,0.0376,
NSE,687,0.6864,1421.39,0.4863,2026-02-20 11:30:20,ORD000*******,1421.5,0.4864,FILLED,2026-02-20 11:30:00,LIMIT,894,0.8939,136,B**,RELIANCE.NS,2026-02-20 11:30:00,TRD****,6485.0,0.0209,
NSE,744,0.9188,1421.88,0.4865,2026-02-20 11:31:44,ORD000*******,1421.8,0.4866,CANCELLED,2026-02-20 11:31:00,MARKET,744,0.7437,137,B**,RELIANCE.NS,2026-02-20 11:31:00,TRD****,7178.0,0.0231,
NSE,426,0.4248,1421.3,0.4863,2026-02-20 11:32:03,ORD000*******,1421.0,0.4862,CANCELLED,2026-02-20 11:32:00,MARKET,783,0.7828,138,B**,RELIANCE.NS,2026-02-20 11:32:00,TRD****,4070.0,0.0131,
NSE,506,0.505,1420.77,0.4861,2026-02-20 11:33:12,ORD000*******,1421.0,0.4862,FILLED,2026-02-20 11:33:00,LIMIT,792,0.7918,139,B**,RELIANCE.NS,2026-02-20 11:33:00,TRD****,5778.0,0.0186,
NSE,742,0.7415,1421.25,0.4863,2026-02-20 11:34:02,ORD000*******,1421.3,0.4864,PARTIAL,2026-02-20 11:34:00,MARKET,858,0.8579,140,B**,RELIANCE.NS,2026-02-20 11:34:00,TRD****,4373.0,0.0141,
NSE,369,0.9008,1421.26,0.4863,2026-02-20 11:35:09,ORD000*******,1421.7,0.4865,PARTIAL,2026-02-20 11:35:00,MARKET,369,0.3684,141,SE**,RELIANCE.NS,2026-02-20 11:35:00,TRD****,2536.0,0.0082,
NSE,251,0.2495,1421.64,0.4864,2026-02-20 11:36:20,ORD000*******,1422.0,0.4866,CANCELLED,2026-02-20 11:36:00,STOP,560,0.5596,142,B**,RELIANCE.NS,2026-02-20 11:36:00,TRD****,12248.0,0.0394,
NSE,11,0.009,1421.95,0.4866,2026-02-20 11:37:01,ORD000*******,1421.9,0.4866,CANCELLED,2026-02-20 11:37:00,STOP,275,0.2743,143,B**,RELIANCE.NS,2026-02-20 11:37:00,TRD****,2254.0,0.0073,
NSE,26,0.3928,1421.74,0.4865,2026-02-20 11:38:06,ORD000*******,1422.2,0.4867,FILLED,2026-02-20 11:38:00,MARKET,26,0.025,144,SE**,RELIANCE.NS,2026-02-20 11:38:00,TRD****,3096.0,0.01,
NSE,62,0.0601,1422.36,0.4867,2026-02-20 11:39:38,ORD000*******,1422.0,0.4866,PARTIAL,2026-02-20 11:39:00,STOP,188,0.1872,145,B**,RELIANCE.NS,2026-02-20 11:39:00,TRD****,4762.0,0.0153,
NSE,102,0.2906,1422.49,0.4868,2026-02-20 11:40:19,ORD000*******,1422.0,0.4866,FILLED,2026-02-20 11:40:00,MARKET,102,0.1011,146,B**,RELIANCE.NS,2026-02-20 11:40:00,TRD****,2675.0,0.0086,
NSE,81,0.4329,1422.95,0.487,2026-02-20 11:41:54,ORD000*******,1423.0,0.487,CANCELLED,2026-02-20 11:41:00,STOP,81,0.0801,147,B**,RELIANCE.NS,2026-02-20 11:41:00,TRD****,11365.0,0.0366,
NSE,607,0.9319,1422.63,0.4868,2026-02-20 11:42:50,ORD000*******,1422.9,0.487,CANCELLED,2026-02-20 11:42:00,STOP,607,0.6066,148,B**,RELIANCE.NS,2026-02-20 11:42:00,TRD****,5718.0,0.0184,
NSE,170,0.1683,1423.03,0.487,2026-02-20 11:43:48,ORD000*******,1422.9,0.487,PARTIAL,2026-02-20 11:43:00,LIMIT,594,0.5936,149,B**,RELIANCE.NS,2026-02-20 11:43:00,TRD****,5565.0,0.0179,
NSE,18,0.016,1422.54,0.4868,2026-02-20 11:44:52,ORD000*******,1422.6,0.4869,PARTIAL,2026-02-20 11:44:00,LIMIT,959,0.959,150,SE**,RELIANCE.NS,2026-02-20 11:44:00,TRD****,5190.0,0.0167,
NSE,187,0.1854,1423.24,0.4871,2026-02-20 11:45:58,ORD000*******,1422.8,0.487,PARTIAL,2026-02-20 11:45:00,STOP,503,0.5025,151,SE**,RELIANCE.NS,2026-02-20 11:45:00,TRD****,20499.0,0.066,
NSE,193,0.1914,1423.83,0.4873,2026-02-20 11:46:02,ORD000*******,1423.8,0.4874,FILLED,2026-02-20 11:46:00,MARKET,300,0.2993,152,B**,RELIANCE.NS,2026-02-20 11:46:00,TRD****,8173.0,0.0263,
NSE,374,0.3727,1422.92,0.4869,2026-02-20 11:48:00,ORD000*******,1423.2,0.4871,FILLED,2026-02-20 11:47:00,MARKET,640,0.6396,153,SE**,RELIANCE.NS,2026-02-20 11:47:00,TRD****,4159.0,0.0134,
NSE,132,0.1303,1421.31,0.4863,2026-02-20 11:48:56,ORD000*******,1421.8,0.4866,FILLED,2026-02-20 11:48:00,LIMIT,584,0.5836,154,SE**,RELIANCE.NS,2026-02-20 11:48:00,TRD****,15643.0,0.0503,
NSE,111,0.9309,1421.34,0.4863,2026-02-20 11:49:58,ORD000*******,1421.2,0.4863,FILLED,2026-02-20 11:49:00,STOP,111,0.1101,155,SE**,RELIANCE.NS,2026-02-20 11:49:00,TRD****,5262.0,0.0169,
NSE,803,0.8026,1421.47,0.4864,2026-02-20 11:50:25,ORD000*******,1421.6,0.4865,CANCELLED,2026-02-20 11:50:00,STOP,815,0.8148,156,SE**,RELIANCE.NS,2026-02-20 11:50:00,TRD****,4417.0,0.0142,
NSE,267,0.4389,1421.62,0.4864,2026-02-20 11:51:22,ORD000*******,1421.8,0.4866,PARTIAL,2026-02-20 11:51:00,MARKET,267,0.2663,157,B**,RELIANCE.NS,2026-02-20 11:51:00,TRD****,3977.0,0.0128,
NSE,760,0.9168,1422.14,0.4866,2026-02-20 11:52:58,ORD000*******,1422.4,0.4868,CANCELLED,2026-02-20 11:52:00,MARKET,760,0.7598,158,B**,RELIANCE.NS,2026-02-20 11:52:00,TRD****,4428.0,0.0142,
NSE,578,0.5772,1421.71,0.4865,2026-02-20 11:53:14,ORD000*******,1421.8,0.4866,PARTIAL,2026-02-20 11:53:00,MARKET,670,0.6697,159,B**,RELIANCE.NS,2026-02-20 11:53:00,TRD****,4397.0,0.0141,
NSE,760,0.8297,1421.7,0.4865,2026-02-20 11:54:52,ORD000*******,1421.5,0.4864,PARTIAL,2026-02-20 11:54:00,LIMIT,760,0.7598,160,B**,RELIANCE.NS,2026-02-20 11:54:00,TRD****,19652.0,0.0632,
NSE,677,0.6764,1421.64,0.4864,2026-02-20 11:55:21,ORD000*******,1421.2,0.4863,FILLED,2026-02-20 11:55:00,LIMIT,787,0.7868,161,SE**,RELIANCE.NS,2026-02-20 11:55:00,TRD****,3527.0,0.0113,
NSE,505,0.504,1421.1,0.4862,2026-02-20 11:56:05,ORD000*******,1421.5,0.4864,PARTIAL,2026-02-20 11:56:00,LIMIT,873,0.8729,162,SE**,RELIANCE.NS,2026-02-20 11:56:00,TRD****,2021.0,0.0065,
NSE,439,0.4379,1421.84,0.4865,2026-02-20 11:57:01,ORD000*******,1422.2,0.4867,FILLED,2026-02-20 11:57:00,STOP,689,0.6887,163,B**,RELIANCE.NS,2026-02-20 11:57:00,TRD****,3047.0,0.0098,
NSE,533,0.6303,1422.79,0.4869,2026-02-20 11:58:37,ORD000*******,1422.7,0.4869,PARTIAL,2026-02-20 11:58:00,LIMIT,533,0.5325,164,SE**,RELIANCE.NS,2026-02-20 11:58:00,TRD****,7683.0,0.0247,
NSE,125,0.7415,1422.5,0.4868,2026-02-20 11:59:10,ORD000*******,1422.2,0.4867,CANCELLED,2026-02-20 11:59:00,MARKET,125,0.1241,165,SE**,RELIANCE.NS,2026-02-20 11:59:00,TRD****,3302.0,0.0106,
NSE,153,0.1513,1422.58,0.4868,2026-02-20 12:00:01,ORD000*******,1422.1,0.4867,FILLED,2026-02-20 12:00:00,STOP,266,0.2653,166,B**,RELIANCE.NS,2026-02-20 12:00:00,TRD****,1809.0,0.0058,
NSE,532,0.5311,1420.71,0.4861,2026-02-20 12:01:49,ORD000*******,1421.2,0.4863,FILLED,2026-02-20 12:01:00,STOP,819,0.8188,167,B**,RELIANCE.NS,2026-02-20 12:01:00,TRD****,2715.0,0.0087,
NSE,250,0.2565,1420.86,0.4861,2026-02-20 12:02:38,ORD000*******,1420.7,0.4861,CANCELLED,2026-02-20 12:02:00,LIMIT,250,0.2492,168,SE**,RELIANCE.NS,2026-02-20 12:02:00,TRD****,4584.0,0.0147,
NSE,578,0.5772,1421.48,0.4864,2026-02-20 12:03:42,ORD000*******,1421.2,0.4863,PARTIAL,2026-02-20 12:03:00,STOP,608,0.6076,169,B**,RELIANCE.NS,2026-02-20 12:03:00,TRD****,5930.0,0.0191,
NSE,663,0.6623,1420.94,0.4861,2026-02-20 12:04:59,ORD000*******,1421.4,0.4864,FILLED,2026-02-20 12:04:00,STOP,891,0.8909,170,SE**,RELIANCE.NS,2026-02-20 12:04:00,TRD****,3912.0,0.0126,
NSE,91,0.0892,1421.45,0.4863,2026-02-20 12:06:00,ORD000*******,1421.8,0.4866,FILLED,2026-02-20 12:05:00,STOP,777,0.7768,171,B**,RELIANCE.NS,2026-02-20 12:05:00,TRD****,3179.0,0.0102,
NSE,549,0.6303,1422.04,0.4866,2026-02-20 12:06:46,ORD000*******,1421.9,0.4866,FILLED,2026-02-20 12:06:00,LIMIT,549,0.5485,172,SE**,RELIANCE.NS,2026-02-20 12:06:00,TRD****,2835.0,0.0091,
NSE,84,0.0822,1421.11,0.4862,2026-02-20 12:07:15,ORD000*******,1421.5,0.4864,FILLED,2026-02-20 12:07:00,STOP,601,0.6006,173,B**,RELIANCE.NS,2026-02-20 12:07:00,TRD****,1023.0,0.0033,
NSE,240,0.2385,1421.78,0.4865,2026-02-20 12:09:52,ORD000*******,1422.0,0.4866,FILLED,2026-02-20 12:08:56,MARKET,294,0.2933,174,SE**,RELIANCE.NS,2026-02-20 12:08:56,TRD****,0.0,0.0,
NSE,156,0.1864,2665.12,0.9851,2026-02-20 09:15:47,ORD000*******,2665.1,0.9852,FILLED,2026-02-20 09:15:00,MARKET,156,0.1552,175,B**,TCS.NS,2026-02-20 09:15:00,TRD****,0.0,0.0,
NSE,534,0.6513,2670.16,0.9871,2026-02-20 09:16:54,ORD000*******,2670.0,0.9872,FILLED,2026-02-20 09:16:00,MARKET,534,0.5335,176,B**,TCS.NS,2026-02-20 09:16:00,TRD****,26709.0,0.0859,
NSE,357,0.8687,2666.24,0.9855,2026-02-20 09:17:27,ORD000*******,2666.3,0.9857,PARTIAL,2026-02-20 09:17:00,MARKET,357,0.3564,177,B**,TCS.NS,2026-02-20 09:17:00,TRD****,25246.0,0.0812,
NSE,645,0.7104,2661.91,0.9838,2026-02-20 09:18:53,ORD000*******,2661.5,0.9838,CANCELLED,2026-02-20 09:18:00,MARKET,645,0.6446,178,SE**,TCS.NS,2026-02-20 09:18:00,TRD****,23889.0,0.0769,
NSE,125,0.8116,2669.81,0.9869,2026-02-20 09:19:55,ORD000*******,2670.2,0.9872,PARTIAL,2026-02-20 09:19:00,LIMIT,125,0.1241,179,SE**,TCS.NS,2026-02-20 09:19:00,TRD****,15580.0,0.0501,
NSE,238,0.5892,2671.72,0.9877,2026-02-20 09:20:03,ORD000*******,2671.7,0.9878,PARTIAL,2026-02-20 09:20:00,LIMIT,238,0.2372,180,B**,TCS.NS,2026-02-20 09:20:00,TRD****,17079.0,0.055,
NSE,423,0.4218,2675.42,0.9892,2026-02-20 09:21:58,ORD000*******,2675.6,0.9894,FILLED,2026-02-20 09:21:00,MARKET,683,0.6827,181,SE**,TCS.NS,2026-02-20 09:21:00,TRD****,12625.0,0.0406,
NSE,198,0.1964,2673.01,0.9882,2026-02-20 09:22:08,ORD000*******,2672.7,0.9882,FILLED,2026-02-20 09:22:00,LIMIT,452,0.4515,182,SE**,TCS.NS,2026-02-20 09:22:00,TRD****,12215.0,0.0393,
NSE,150,0.1483,2672.28,0.9879,2026-02-20 09:23:49,ORD000*******,2672.0,0.988,FILLED,2026-02-20 09:23:00,STOP,939,0.9389,183,B**,TCS.NS,2026-02-20 09:23:00,TRD****,13154.0,0.0423,
NSE,137,0.1353,2663.8,0.9845,2026-02-20 09:24:12,ORD000*******,2664.0,0.9848,CANCELLED,2026-02-20 09:24:00,STOP,260,0.2593,184,B**,TCS.NS,2026-02-20 09:24:00,TRD****,14024.0,0.0451,
NSE,111,0.5461,2665.78,0.9853,2026-02-20 09:25:53,ORD000*******,2665.4,0.9853,FILLED,2026-02-20 09:25:00,STOP,111,0.1101,185,B**,TCS.NS,2026-02-20 09:25:00,TRD****,9485.0,0.0305,
NSE,90,0.6593,2665.48,0.9852,2026-02-20 09:26:23,ORD000*******,2665.8,0.9855,CANCELLED,2026-02-20 09:26:00,STOP,90,0.0891,186,B**,TCS.NS,2026-02-20 09:26:00,TRD****,4284.0,0.0138,
NSE,346,0.7265,2661.53,0.9836,2026-02-20 09:27:50,ORD000*******,2661.7,0.9838,PARTIAL,2026-02-20 09:27:00,LIMIT,346,0.3453,187,SE**,TCS.NS,2026-02-20 09:27:00,TRD****,8298.0,0.0267,
NSE,280,0.2786,2666.46,0.9856,2026-02-20 09:28:50,ORD000*******,2666.9,0.9859,FILLED,2026-02-20 09:28:00,MARKET,859,0.8589,188,SE**,TCS.NS,2026-02-20 09:28:00,TRD****,6074.0,0.0195,
NSE,205,0.3397,2667.92,0.9862,2026-02-20 09:29:46,ORD000*******,2667.5,0.9862,FILLED,2026-02-20 09:29:00,STOP,205,0.2042,189,SE**,TCS.NS,2026-02-20 09:29:00,TRD****,5972.0,0.0192,
NSE,62,0.1052,2678.26,0.9903,2026-02-20 09:30:39,ORD000*******,2678.7,0.9907,CANCELLED,2026-02-20 09:30:00,STOP,62,0.0611,190,B**,TCS.NS,2026-02-20 09:30:00,TRD****,17660.0,0.0568,
NSE,102,0.1002,2678.09,0.9903,2026-02-20 09:31:10,ORD000*******,2677.9,0.9903,FILLED,2026-02-20 09:31:00,MARKET,547,0.5465,191,SE**,TCS.NS,2026-02-20 09:31:00,TRD****,11771.0,0.0379,
NSE,182,0.1804,2683.41,0.9924,2026-02-20 09:32:13,ORD000*******,2683.0,0.9924,PARTIAL,2026-02-20 09:32:00,MARKET,298,0.2973,192,B**,TCS.NS,2026-02-20 09:32:00,TRD****,13906.0,0.0447,
NSE,323,0.3216,2686.53,0.9936,2026-02-20 09:33:52,ORD000*******,2687.0,0.994,CANCELLED,2026-02-20 09:33:00,LIMIT,969,0.969,193,B**,TCS.NS,2026-02-20 09:33:00,TRD****,24085.0,0.0775,
NSE,21,0.1573,2686.75,0.9937,2026-02-20 09:34:16,ORD000*******,2687.2,0.9941,FILLED,2026-02-20 09:34:00,STOP,21,0.02,194,B**,TCS.NS,2026-02-20 09:34:00,TRD****,9125.0,0.0294,
NSE,120,0.1182,2687.48,0.994,2026-02-20 09:35:20,ORD000*******,2687.2,0.9941,FILLED,2026-02-20 09:35:00,MARKET,394,0.3934,195,SE**,TCS.NS,2026-02-20 09:35:00,TRD****,13428.0,0.0432,
NSE,10,0.008,2687.16,0.9939,2026-02-20 09:36:53,ORD000*******,2687.5,0.9942,CANCELLED,2026-02-20 09:36:00,STOP,749,0.7487,196,SE**,TCS.NS,2026-02-20 09:36:00,TRD****,5020.0,0.0162,
NSE,197,0.9098,2687.74,0.9941,2026-02-20 09:37:09,ORD000*******,2687.6,0.9942,CANCELLED,2026-02-20 09:37:00,STOP,197,0.1962,197,B**,TCS.NS,2026-02-20 09:37:00,TRD****,7305.0,0.0235,
NSE,661,0.6603,2683.73,0.9925,2026-02-20 09:38:48,ORD000*******,2683.5,0.9926,PARTIAL,2026-02-20 09:38:00,MARKET,737,0.7367,198,SE**,TCS.NS,2026-02-20 09:38:00,TRD****,8525.0,0.0274,
NSE,113,0.1112,2686.89,0.9938,2026-02-20 09:39:19,ORD000*******,2687.0,0.994,CANCELLED,2026-02-20 09:39:00,STOP,944,0.9439,199,B**,TCS.NS,2026-02-20 09:39:00,TRD****,4299.0,0.0138,
NSE,461,0.7956,2682.54,0.992,2026-02-20 09:40:48,ORD000*******,2682.9,0.9923,FILLED,2026-02-20 09:40:00,MARKET,461,0.4605,200,SE**,TCS.NS,2026-02-20 09:40:00,TRD****,4506.0,0.0145,
NSE,67,0.7906,2682.0,0.9918,2026-02-20 09:41:16,ORD000*******,2682.0,0.992,FILLED,2026-02-20 09:41:00,STOP,67,0.0661,201,SE**,TCS.NS,2026-02-20 09:41:00,TRD****,5598.0,0.018,
NSE,549,0.5972,2685.09,0.9931,2026-02-20 09:42:48,ORD000*******,2685.3,0.9933,FILLED,2026-02-20 09:42:00,STOP,549,0.5485,202,SE**,TCS.NS,2026-02-20 09:42:00,TRD****,4481.0,0.0144,
NSE,109,0.1072,2683.72,0.9925,2026-02-20 09:43:17,ORD000*******,2684.2,0.9929,CANCELLED,2026-02-20 09:43:00,LIMIT,492,0.4915,203,B**,TCS.NS,2026-02-20 09:43:00,TRD****,3188.0,0.0103,
NSE,141,0.1974,2681.31,0.9916,2026-02-20 09:44:43,ORD000*******,2681.7,0.9919,FILLED,2026-02-20 09:44:00,STOP,141,0.1401,204,SE**,TCS.NS,2026-02-20 09:44:00,TRD****,5721.0,0.0184,
NSE,328,0.3267,2684.03,0.9926,2026-02-20 09:45:12,ORD000*******,2683.8,0.9927,FILLED,2026-02-20 09:45:00,LIMIT,603,0.6026,205,SE**,TCS.NS,2026-02-20 09:45:00,TRD****,4077.0,0.0131,
NSE,149,0.1473,2680.99,0.9914,2026-02-20 09:46:28,ORD000*******,2681.3,0.9917,FILLED,2026-02-20 09:46:00,STOP,962,0.962,206,SE**,TCS.NS,2026-02-20 09:46:00,TRD****,6208.0,0.02,
NSE,153,0.1513,2683.35,0.9924,2026-02-20 09:47:15,ORD000*******,2683.0,0.9924,CANCELLED,2026-02-20 09:47:00,MARKET,799,0.7988,207,SE**,TCS.NS,2026-02-20 09:47:00,TRD****,3947.0,0.0127,
NSE,492,0.9148,2685.74,0.9933,2026-02-20 09:48:39,ORD000*******,2686.0,0.9936,PARTIAL,2026-02-20 09:48:00,STOP,492,0.4915,208,SE**,TCS.NS,2026-02-20 09:48:00,TRD****,6977.0,0.0224,
NSE,116,0.8006,2687.47,0.994,2026-02-20 09:49:33,ORD000*******,2687.5,0.9942,CANCELLED,2026-02-20 09:49:00,LIMIT,116,0.1151,209,B**,TCS.NS,2026-02-20 09:49:00,TRD****,8956.0,0.0288,
NSE,567,0.5661,2688.87,0.9946,2026-02-20 09:50:30,ORD000*******,2689.0,0.9948,FILLED,2026-02-20 09:50:00,MARKET,914,0.9139,210,B**,TCS.NS,2026-02-20 09:50:00,TRD****,7357.0,0.0237,
NSE,115,0.1132,2692.07,0.9959,2026-02-20 09:51:40,ORD000*******,2691.7,0.9959,CANCELLED,2026-02-20 09:51:00,LIMIT,358,0.3574,211,SE**,TCS.NS,2026-02-20 09:51:00,TRD****,10787.0,0.0347,
NSE,355,0.3537,2685.79,0.9934,2026-02-20 09:52:54,ORD000*******,2686.0,0.9936,CANCELLED,2026-02-20 09:52:00,STOP,479,0.4785,212,B**,TCS.NS,2026-02-20 09:52:00,TRD****,10243.0,0.033,
NSE,176,0.1743,2686.61,0.9937,2026-02-20 09:53:48,ORD000*******,2687.0,0.994,FILLED,2026-02-20 09:53:00,MARKET,958,0.958,213,SE**,TCS.NS,2026-02-20 09:53:00,TRD****,5299.0,0.017,
NSE,477,0.5601,2681.57,0.9917,2026-02-20 09:54:27,ORD000*******,2682.0,0.992,FILLED,2026-02-20 09:54:00,STOP,477,0.4765,214,SE**,TCS.NS,2026-02-20 09:54:00,TRD****,8965.0,0.0288,
NSE,300,0.5401,2680.58,0.9913,2026-02-20 09:55:08,ORD000*******,2680.2,0.9913,PARTIAL,2026-02-20 09:55:00,LIMIT,300,0.2993,215,SE**,TCS.NS,2026-02-20 09:55:00,TRD****,18296.0,0.0589,
NSE,753,0.7525,2681.4,0.9916,2026-02-20 09:56:35,ORD000*******,2681.0,0.9916,FILLED,2026-02-20 09:56:00,LIMIT,886,0.8859,216,B**,TCS.NS,2026-02-20 09:56:00,TRD****,2732.0,0.0088,
NSE,11,0.7906,2682.1,0.9919,2026-02-20 09:57:33,ORD000*******,2681.7,0.9919,FILLED,2026-02-20 09:57:00,LIMIT,11,0.01,217,B**,TCS.NS,2026-02-20 09:57:00,TRD****,4208.0,0.0135,
NSE,540,0.7275,2682.5,0.992,2026-02-20 09:58:08,ORD000*******,2682.0,0.992,FILLED,2026-02-20 09:58:00,MARKET,540,0.5395,218,SE**,TCS.NS,2026-02-20 09:58:00,TRD****,18121.0,0.0583,
NSE,409,0.4078,2684.72,0.9929,2026-02-20 09:59:48,ORD000*******,2685.0,0.9932,PARTIAL,2026-02-20 09:59:00,STOP,769,0.7688,219,B**,TCS.NS,2026-02-20 09:59:00,TRD****,5522.0,0.0178,
NSE,2,0.8788,2682.79,0.9921,2026-02-20 10:00:47,ORD000*******,2682.8,0.9923,CANCELLED,2026-02-20 10:00:00,MARKET,2,0.001,220,SE**,TCS.NS,2026-02-20 10:00:00,TRD****,7043.0,0.0227,
NSE,251,0.3277,2678.79,0.9905,2026-02-20 10:01:25,ORD000*******,2679.2,0.9909,FILLED,2026-02-20 10:01:00,MARKET,251,0.2503,221,B**,TCS.NS,2026-02-20 10:01:00,TRD****,6644.0,0.0214,
NSE,44,0.0421,2680.07,0.9911,2026-02-20 10:02:30,ORD000*******,2680.4,0.9913,FILLED,2026-02-20 10:02:00,STOP,90,0.0891,222,B**,TCS.NS,2026-02-20 10:02:00,TRD****,3794.0,0.0122,
NSE,102,0.1142,2678.38,0.9904,2026-02-20 10:03:43,ORD000*******,2677.9,0.9903,CANCELLED,2026-02-20 10:03:00,LIMIT,102,0.1011,223,B**,TCS.NS,2026-02-20 10:03:00,TRD****,8809.0,0.0283,
NSE,367,0.3657,2674.71,0.9889,2026-02-20 10:04:22,ORD000*******,2674.9,0.9891,FILLED,2026-02-20 10:04:00,STOP,795,0.7948,224,B**,TCS.NS,2026-02-20 10:04:00,TRD****,6486.0,0.0209,
NSE,307,0.3056,2676.34,0.9896,2026-02-20 10:05:12,ORD000*******,2676.0,0.9896,PARTIAL,2026-02-20 10:05:00,STOP,334,0.3333,225,B**,TCS.NS,2026-02-20 10:05:00,TRD****,8076.0,0.026,
NSE,431,0.6673,2678.66,0.9905,2026-02-20 10:06:29,ORD000*******,2678.2,0.9905,CANCELLED,2026-02-20 10:06:00,MARKET,431,0.4304,226,B**,TCS.NS,2026-02-20 10:06:00,TRD****,4895.0,0.0157,
NSE,575,0.5741,2680.3,0.9911,2026-02-20 10:07:52,ORD000*******,2679.9,0.9911,FILLED,2026-02-20 10:07:00,MARKET,877,0.8769,227,SE**,TCS.NS,2026-02-20 10:07:00,TRD****,3054.0,0.0098,
NSE,464,0.6764,2675.94,0.9894,2026-02-20 10:08:05,ORD000*******,2676.0,0.9896,FILLED,2026-02-20 10:08:00,STOP,464,0.4635,228,B**,TCS.NS,2026-02-20 10:08:00,TRD****,14417.0,0.0464,
NSE,206,0.2044,2677.52,0.99,2026-02-20 10:09:16,ORD000*******,2677.2,0.9901,FILLED,2026-02-20 10:09:00,STOP,915,0.9149,229,B**,TCS.NS,2026-02-20 10:09:00,TRD****,6121.0,0.0197,
NSE,106,0.3417,2681.49,0.9916,2026-02-20 10:10:07,ORD000*******,2681.0,0.9916,CANCELLED,2026-02-20 10:10:00,STOP,106,0.1051,230,B**,TCS.NS,2026-02-20 10:10:00,TRD****,22640.0,0.0728,
NSE,54,0.0521,2683.53,0.9924,2026-02-20 10:11:38,ORD000*******,2683.7,0.9927,PARTIAL,2026-02-20 10:11:00,LIMIT,934,0.9339,231,SE**,TCS.NS,2026-02-20 10:11:00,TRD****,1832.0,0.0059,
NSE,41,0.0391,2682.26,0.9919,2026-02-20 10:12:28,ORD000*******,2682.0,0.992,FILLED,2026-02-20 10:12:00,LIMIT,526,0.5255,232,B**,TCS.NS,2026-02-20 10:12:00,TRD****,2619.0,0.0084,
NSE,329,0.3277,2682.08,0.9919,2026-02-20 10:13:21,ORD000*******,2682.0,0.992,CANCELLED,2026-02-20 10:13:00,STOP,423,0.4224,233,B**,TCS.NS,2026-02-20 10:13:00,TRD****,2847.0,0.0092,
NSE,113,0.519,2682.09,0.9919,2026-02-20 10:14:42,ORD000*******,2682.4,0.9921,FILLED,2026-02-20 10:14:00,STOP,113,0.1121,234,B**,TCS.NS,2026-02-20 10:14:00,TRD****,2320.0,0.0075,
NSE,738,0.7375,2684.57,0.9929,2026-02-20 10:15:16,ORD000*******,2684.5,0.993,CANCELLED,2026-02-20 10:15:00,MARKET,798,0.7978,235,SE**,TCS.NS,2026-02-20 10:15:00,TRD****,6793.0,0.0219,
NSE,689,0.6884,2686.69,0.9937,2026-02-20 10:16:56,ORD000*******,2687.1,0.994,FILLED,2026-02-20 10:16:00,LIMIT,975,0.975,236,B**,TCS.NS,2026-02-20 10:16:00,TRD****,7961.0,0.0256,
NSE,835,0.9559,2689.95,0.995,2026-02-20 10:17:09,ORD000*******,2689.7,0.9951,CANCELLED,2026-02-20 10:17:00,MARKET,835,0.8348,237,SE**,TCS.NS,2026-02-20 10:17:00,TRD****,5149.0,0.0166,
NSE,732,0.7315,2691.47,0.9956,2026-02-20 10:18:26,ORD000*******,2691.0,0.9956,FILLED,2026-02-20 10:18:00,LIMIT,889,0.8889,238,B**,TCS.NS,2026-02-20 10:18:00,TRD****,7080.0,0.0228,
NSE,645,0.9379,2693.16,0.9963,2026-02-20 10:19:23,ORD000*******,2693.0,0.9964,FILLED,2026-02-20 10:19:00,MARKET,645,0.6446,239,B**,TCS.NS,2026-02-20 10:19:00,TRD****,16887.0,0.0543,
NSE,288,0.2866,2693.91,0.9966,2026-02-20 10:20:26,ORD000*******,2694.0,0.9968,FILLED,2026-02-20 10:20:00,MARKET,714,0.7137,240,B**,TCS.NS,2026-02-20 10:20:00,TRD****,16728.0,0.0538,
NSE,189,0.1874,2694.59,0.9969,2026-02-20 10:21:32,ORD000*******,2694.9,0.9972,FILLED,2026-02-20 10:21:00,STOP,789,0.7888,241,SE**,TCS.NS,2026-02-20 10:21:00,TRD****,12230.0,0.0393,
NSE,520,0.6393,2694.92,0.997,2026-02-20 10:22:12,ORD000*******,2694.5,0.997,FILLED,2026-02-20 10:22:00,STOP,520,0.5195,242,SE**,TCS.NS,2026-02-20 10:22:00,TRD****,15781.0,0.0508,
NSE,132,0.1303,2695.47,0.9972,2026-02-20 10:23:16,ORD000*******,2695.7,0.9975,PARTIAL,2026-02-20 10:23:00,MARKET,600,0.5996,243,B**,TCS.NS,2026-02-20 10:23:00,TRD****,6587.0,0.0212,
NSE,41,0.983,2698.15,0.9983,2026-02-20 10:24:25,ORD000*******,2698.0,0.9984,FILLED,2026-02-20 10:24:00,MARKET,41,0.04,244,B**,TCS.NS,2026-02-20 10:24:00,TRD****,7151.0,0.023,
NSE,32,0.0301,2698.58,0.9985,2026-02-20 10:25:27,ORD000*******,2698.8,0.9987,FILLED,2026-02-20 10:25:00,MARKET,612,0.6116,245,B**,TCS.NS,2026-02-20 10:25:00,TRD****,9328.0,0.03,
NSE,71,0.0691,2698.29,0.9984,2026-02-20 10:26:52,ORD000*******,2698.0,0.9984,CANCELLED,2026-02-20 10:26:00,LIMIT,976,0.976,246,B**,TCS.NS,2026-02-20 10:26:00,TRD****,5860.0,0.0189,
NSE,7,0.8587,2696.25,0.9975,2026-02-20 10:27:05,ORD000*******,2695.9,0.9976,FILLED,2026-02-20 10:27:00,MARKET,7,0.006,247,SE**,TCS.NS,2026-02-20 10:27:00,TRD****,5462.0,0.0176,
NSE,660,0.6593,2694.8,0.997,2026-02-20 10:28:37,ORD000*******,2695.2,0.9973,FILLED,2026-02-20 10:28:00,LIMIT,844,0.8438,248,SE**,TCS.NS,2026-02-20 10:28:00,TRD****,4749.0,0.0153,
NSE,841,0.987,2694.81,0.997,2026-02-20 10:29:05,ORD000*******,2694.4,0.997,PARTIAL,2026-02-20 10:29:00,MARKET,841,0.8408,249,B**,TCS.NS,2026-02-20 10:29:00,TRD****,3231.0,0.0104,
NSE,440,0.8226,2697.0,0.9978,2026-02-20 10:30:57,ORD000*******,2697.0,0.998,FILLED,2026-02-20 10:30:00,LIMIT,440,0.4394,250,B**,TCS.NS,2026-02-20 10:30:00,TRD****,4484.0,0.0144,
NSE,263,0.2615,2696.73,0.9977,2026-02-20 10:31:40,ORD000*******,2697.2,0.9981,CANCELLED,2026-02-20 10:31:00,LIMIT,582,0.5816,251,SE**,TCS.NS,2026-02-20 10:31:00,TRD****,3278.0,0.0105,
NSE,494,0.8016,2696.39,0.9976,2026-02-20 10:32:11,ORD000*******,2696.7,0.9979,PARTIAL,2026-02-20 10:32:00,LIMIT,494,0.4935,252,SE**,TCS.NS,2026-02-20 10:32:00,TRD****,2519.0,0.0081,
NSE,195,0.1934,2697.42,0.998,2026-02-20 10:33:37,ORD000*******,2697.7,0.9983,FILLED,2026-02-20 10:33:00,STOP,855,0.8549,253,B**,TCS.NS,2026-02-20 10:33:00,TRD****,2811.0,0.009,
NSE,118,0.7846,2697.83,0.9982,2026-02-20 10:34:58,ORD000*******,2697.4,0.9982,FILLED,2026-02-20 10:34:00,MARKET,118,0.1171,254,B**,TCS.NS,2026-02-20 10:34:00,TRD****,2940.0,0.0095,
NSE,620,0.6192,2696.98,0.9978,2026-02-20 10:35:21,ORD000*******,2697.4,0.9982,FILLED,2026-02-20 10:35:00,MARKET,808,0.8078,255,B**,TCS.NS,2026-02-20 10:35:00,TRD****,5460.0,0.0176,
NSE,405,0.4038,2699.04,0.9987,2026-02-20 10:36:30,ORD000*******,2698.8,0.9987,CANCELLED,2026-02-20 10:36:00,STOP,529,0.5285,256,B**,TCS.NS,2026-02-20 10:36:00,TRD****,12428.0,0.04,
NSE,210,0.2084,2699.31,0.9988,2026-02-20 10:37:27,ORD000*******,2699.0,0.9988,FILLED,2026-02-20 10:37:00,LIMIT,374,0.3734,257,SE**,TCS.NS,2026-02-20 10:37:00,TRD****,4284.0,0.0138,
NSE,13,0.011,2698.73,0.9985,2026-02-20 10:39:00,ORD000*******,2698.3,0.9985,CANCELLED,2026-02-20 10:38:00,STOP,294,0.2933,258,SE**,TCS.NS,2026-02-20 10:38:00,TRD****,1597.0,0.0051,
NSE,442,0.4409,2697.53,0.9981,2026-02-20 10:39:39,ORD000*******,2697.5,0.9982,PARTIAL,2026-02-20 10:39:00,MARKET,696,0.6957,259,B**,TCS.NS,2026-02-20 10:39:00,TRD****,1459.0,0.0047,
NSE,753,0.7525,2702.37,1.0,2026-02-20 10:40:57,ORD000*******,2702.0,1.0,PARTIAL,2026-02-20 10:40:00,LIMIT,838,0.8378,260,B**,TCS.NS,2026-02-20 10:40:00,TRD****,12356.0,0.0398,
NSE,370,0.7515,2699.4,0.9988,2026-02-20 10:41:30,ORD000*******,2699.6,0.999,CANCELLED,2026-02-20 10:41:00,STOP,370,0.3694,261,SE**,TCS.NS,2026-02-20 10:41:00,TRD****,3681.0,0.0118,
NSE,774,0.982,2699.03,0.9987,2026-02-20 10:42:41,ORD000*******,2698.7,0.9987,FILLED,2026-02-20 10:42:00,STOP,774,0.7738,262,SE**,TCS.NS,2026-02-20 10:42:00,TRD****,2863.0,0.0092,
NSE,103,0.1012,2699.05,0.9987,2026-02-20 10:43:03,ORD000*******,2698.6,0.9986,PARTIAL,2026-02-20 10:43:00,LIMIT,857,0.8569,263,B**,TCS.NS,2026-02-20 10:43:00,TRD****,1938.0,0.0062,
NSE,320,0.3186,2698.55,0.9985,2026-02-20 10:44:01,ORD000*******,2698.8,0.9987,CANCELLED,2026-02-20 10:44:00,LIMIT,604,0.6036,264,B**,TCS.NS,2026-02-20 10:44:00,TRD****,2707.0,0.0087,
NSE,242,0.2405,2699.81,0.999,2026-02-20 10:46:00,ORD000*******,2699.4,0.999,FILLED,2026-02-20 10:45:00,STOP,833,0.8328,265,SE**,TCS.NS,2026-02-20 10:45:00,TRD****,1087.0,0.0035,
NSE,25,0.023,2699.02,0.9987,2026-02-20 10:46:26,ORD000*******,2699.5,0.999,FILLED,2026-02-20 10:46:00,MARKET,813,0.8128,266,SE**,TCS.NS,2026-02-20 10:46:00,TRD****,2806.0,0.009,
NSE,291,0.2896,2699.83,0.999,2026-02-20 10:47:17,ORD000*******,2699.4,0.999,CANCELLED,2026-02-20 10:47:00,LIMIT,999,0.999,267,SE**,TCS.NS,2026-02-20 10:47:00,TRD****,2604.0,0.0084,
NSE,822,0.9579,2701.2,0.9995,2026-02-20 10:48:27,ORD000*******,2701.0,0.9996,FILLED,2026-02-20 10:48:00,LIMIT,822,0.8218,268,SE**,TCS.NS,2026-02-20 10:48:00,TRD****,2137.0,0.0069,
NSE,631,0.6723,2699.34,0.9988,2026-02-20 10:49:50,ORD000*******,2699.8,0.9991,PARTIAL,2026-02-20 10:49:00,STOP,631,0.6306,269,SE**,TCS.NS,2026-02-20 10:49:00,TRD****,2432.0,0.0078,
NSE,379,0.3778,2698.77,0.9986,2026-02-20 10:50:51,ORD000*******,2698.3,0.9985,FILLED,2026-02-20 10:50:00,STOP,923,0.9229,270,B**,TCS.NS,2026-02-20 10:50:00,TRD****,1409.0,0.0045,
NSE,60,0.9469,2698.49,0.9984,2026-02-20 10:51:01,ORD000*******,2698.0,0.9984,PARTIAL,2026-02-20 10:51:00,MARKET,60,0.0591,271,B**,TCS.NS,2026-02-20 10:51:00,TRD****,5912.0,0.019,
NSE,402,0.4008,2698.22,0.9983,2026-02-20 10:52:07,ORD000*******,2698.7,0.9987,FILLED,2026-02-20 10:52:00,LIMIT,428,0.4274,272,B**,TCS.NS,2026-02-20 10:52:00,TRD****,1928.0,0.0062,
NSE,607,0.8547,2700.69,0.9993,2026-02-20 10:53:51,ORD000*******,2701.0,0.9996,CANCELLED,2026-02-20 10:53:00,MARKET,607,0.6066,273,B**,TCS.NS,2026-02-20 10:53:00,TRD****,4962.0,0.016,
NSE,240,0.487,2699.98,0.999,2026-02-20 10:54:16,ORD000*******,2700.4,0.9994,FILLED,2026-02-20 10:54:00,MARKET,240,0.2392,274,SE**,TCS.NS,2026-02-20 10:54:00,TRD****,1841.0,0.0059,
NSE,308,0.6984,2701.4,0.9996,2026-02-20 10:55:32,ORD000*******,2701.8,0.9999,FILLED,2026-02-20 10:55:00,STOP,308,0.3073,275,SE**,TCS.NS,2026-02-20 10:55:00,TRD****,6902.0,0.0222,
NSE,115,0.9008,2702.1,0.9999,2026-02-20 10:56:48,ORD000*******,2701.6,0.9998,PARTIAL,2026-02-20 10:56:00,LIMIT,115,0.1141,276,B**,TCS.NS,2026-02-20 10:56:00,TRD****,3304.0,0.0106,
NSE,235,0.6162,2700.87,0.9994,2026-02-20 10:57:18,ORD000*******,2700.4,0.9994,FILLED,2026-02-20 10:57:00,STOP,235,0.2342,277,SE**,TCS.NS,2026-02-20 10:57:00,TRD****,3133.0,0.0101,
NSE,394,0.3928,2698.87,0.9986,2026-02-20 10:58:13,ORD000*******,2699.1,0.9988,FILLED,2026-02-20 10:58:00,MARKET,560,0.5596,278,SE**,TCS.NS,2026-02-20 10:58:00,TRD****,6383.0,0.0205,
NSE,274,0.3146,2698.62,0.9985,2026-02-20 10:59:22,ORD000*******,2699.0,0.9988,CANCELLED,2026-02-20 10:59:00,STOP,274,0.2733,279,B**,TCS.NS,2026-02-20 10:59:00,TRD****,2487.0,0.008,
NSE,56,0.0772,2698.83,0.9986,2026-02-20 11:00:26,ORD000*******,2699.0,0.9988,FILLED,2026-02-20 11:00:00,STOP,56,0.0551,280,SE**,TCS.NS,2026-02-20 11:00:00,TRD****,2750.0,0.0088,
NSE,157,0.481,2696.43,0.9976,2026-02-20 11:01:42,ORD000*******,2696.2,0.9977,FILLED,2026-02-20 11:01:00,STOP,157,0.1562,281,SE**,TCS.NS,2026-02-20 11:01:00,TRD****,1504.0,0.0048,
NSE,559,0.8176,2697.26,0.998,2026-02-20 11:02:19,ORD000*******,2696.9,0.998,CANCELLED,2026-02-20 11:02:00,MARKET,559,0.5586,282,B**,TCS.NS,2026-02-20 11:02:00,TRD****,4195.0,0.0135,
NSE,157,0.9609,2696.01,0.9974,2026-02-20 11:03:28,ORD000*******,2696.2,0.9977,FILLED,2026-02-20 11:03:00,MARKET,157,0.1562,283,B**,TCS.NS,2026-02-20 11:03:00,TRD****,1832.0,0.0059,
NSE,578,0.5772,2696.96,0.9978,2026-02-20 11:04:25,ORD000*******,2697.4,0.9982,CANCELLED,2026-02-20 11:04:00,LIMIT,703,0.7027,284,SE**,TCS.NS,2026-02-20 11:04:00,TRD****,2636.0,0.0085,
NSE,509,0.508,2696.68,0.9977,2026-02-20 11:05:26,ORD000*******,2696.6,0.9978,CANCELLED,2026-02-20 11:05:00,STOP,534,0.5335,285,B**,TCS.NS,2026-02-20 11:05:00,TRD****,2048.0,0.0066,
NSE,13,0.011,2695.79,0.9974,2026-02-20 11:06:20,ORD000*******,2695.4,0.9974,PARTIAL,2026-02-20 11:06:00,LIMIT,421,0.4204,286,B**,TCS.NS,2026-02-20 11:06:00,TRD****,2942.0,0.0095,
NSE,432,0.8036,2695.91,0.9974,2026-02-20 11:07:33,ORD000*******,2696.3,0.9977,CANCELLED,2026-02-20 11:07:00,STOP,432,0.4314,287,SE**,TCS.NS,2026-02-20 11:07:00,TRD****,7303.0,0.0235,
NSE,690,0.8277,2695.95,0.9974,2026-02-20 11:08:53,ORD000*******,2696.0,0.9976,CANCELLED,2026-02-20 11:08:00,LIMIT,690,0.6897,288,SE**,TCS.NS,2026-02-20 11:08:00,TRD****,6762.0,0.0218,
NSE,67,0.2084,2696.39,0.9976,2026-02-20 11:09:44,ORD000*******,2696.1,0.9976,FILLED,2026-02-20 11:09:00,LIMIT,67,0.0661,289,SE**,TCS.NS,2026-02-20 11:09:00,TRD****,5118.0,0.0165,
NSE,226,0.2244,2697.04,0.9979,2026-02-20 11:10:55,ORD000*******,2697.1,0.998,FILLED,2026-02-20 11:10:00,STOP,353,0.3524,290,SE**,TCS.NS,2026-02-20 11:10:00,TRD****,2324.0,0.0075,
NSE,445,0.4439,2700.85,0.9994,2026-02-20 11:11:47,ORD000*******,2700.8,0.9995,CANCELLED,2026-02-20 11:11:00,STOP,512,0.5115,291,SE**,TCS.NS,2026-02-20 11:11:00,TRD****,14117.0,0.0454,
NSE,249,0.2475,2701.43,0.9996,2026-02-20 11:12:43,ORD000*******,2701.1,0.9996,PARTIAL,2026-02-20 11:12:00,LIMIT,278,0.2773,292,SE**,TCS.NS,2026-02-20 11:12:00,TRD****,4504.0,0.0145,
NSE,117,0.9208,2698.9,0.9986,2026-02-20 11:13:44,ORD000*******,2698.8,0.9987,CANCELLED,2026-02-20 11:13:00,LIMIT,117,0.1161,293,SE**,TCS.NS,2026-02-20 11:13:00,TRD****,8437.0,0.0271,
NSE,723,0.7224,2696.95,0.9978,2026-02-20 11:14:11,ORD000*******,2697.1,0.998,CANCELLED,2026-02-20 11:14:00,MARKET,996,0.996,294,B**,TCS.NS,2026-02-20 11:14:00,TRD****,1940.0,0.0062,
NSE,642,0.6413,2699.15,0.9987,2026-02-20 11:15:11,ORD000*******,2699.5,0.999,FILLED,2026-02-20 11:15:00,LIMIT,887,0.8869,295,SE**,TCS.NS,2026-02-20 11:15:00,TRD****,1577.0,0.0051,
NSE,390,0.8727,2699.02,0.9987,2026-02-20 11:16:31,ORD000*******,2699.2,0.9989,FILLED,2026-02-20 11:16:00,MARKET,390,0.3894,296,B**,TCS.NS,2026-02-20 11:16:00,TRD****,718.0,0.0023,
NSE,285,0.2836,2698.85,0.9986,2026-02-20 11:17:48,ORD000*******,2698.7,0.9987,FILLED,2026-02-20 11:17:00,STOP,930,0.9299,297,B**,TCS.NS,2026-02-20 11:17:00,TRD****,2350.0,0.0076,
NSE,56,0.0541,2698.07,0.9983,2026-02-20 11:18:58,ORD000*******,2698.0,0.9984,FILLED,2026-02-20 11:18:00,LIMIT,115,0.1141,298,B**,TCS.NS,2026-02-20 11:18:00,TRD****,1106.0,0.0036,
NSE,180,0.4579,2698.26,0.9984,2026-02-20 11:19:35,ORD000*******,2697.8,0.9983,CANCELLED,2026-02-20 11:19:00,STOP,180,0.1792,299,SE**,TCS.NS,2026-02-20 11:19:00,TRD****,1120.0,0.0036,
NSE,182,0.6092,2696.6,0.9977,2026-02-20 11:20:12,ORD000*******,2696.4,0.9978,PARTIAL,2026-02-20 11:20:00,MARKET,182,0.1812,300,SE**,TCS.NS,2026-02-20 11:20:00,TRD****,1301.0,0.0042,
NSE,558,0.5571,2695.42,0.9972,2026-02-20 11:21:46,ORD000*******,2695.5,0.9974,PARTIAL,2026-02-20 11:21:00,LIMIT,644,0.6436,301,SE**,TCS.NS,2026-02-20 11:21:00,TRD****,2173.0,0.007,
NSE,102,0.7625,2695.91,0.9974,2026-02-20 11:22:40,ORD000*******,2696.3,0.9977,FILLED,2026-02-20 11:22:00,MARKET,102,0.1011,302,SE**,TCS.NS,2026-02-20 11:22:00,TRD****,2491.0,0.008,
NSE,833,0.8327,2696.29,0.9976,2026-02-20 11:23:04,ORD000*******,2696.0,0.9976,FILLED,2026-02-20 11:23:00,LIMIT,840,0.8398,303,B**,TCS.NS,2026-02-20 11:23:00,TRD****,1741.0,0.0056,
NSE,630,0.8146,2696.6,0.9977,2026-02-20 11:24:46,ORD000*******,2696.9,0.998,FILLED,2026-02-20 11:24:00,STOP,630,0.6296,304,B**,TCS.NS,2026-02-20 11:24:00,TRD****,1676.0,0.0054,
NSE,109,0.1072,2696.55,0.9977,2026-02-20 11:25:12,ORD000*******,2696.9,0.998,FILLED,2026-02-20 11:25:00,MARKET,770,0.7698,305,B**,TCS.NS,2026-02-20 11:25:00,TRD****,2032.0,0.0065,
NSE,498,0.497,2697.16,0.9979,2026-02-20 11:26:12,ORD000*******,2697.2,0.9981,FILLED,2026-02-20 11:26:00,STOP,601,0.6006,306,SE**,TCS.NS,2026-02-20 11:26:00,TRD****,2031.0,0.0065,
NSE,191,0.1894,2698.04,0.9983,2026-02-20 11:27:24,ORD000*******,2697.8,0.9983,CANCELLED,2026-02-20 11:27:00,MARKET,476,0.4755,307,SE**,TCS.NS,2026-02-20 11:27:00,TRD****,859.0,0.0028,
NSE,803,0.8026,2697.23,0.9979,2026-02-20 11:28:08,ORD000*******,2697.2,0.9981,FILLED,2026-02-20 11:28:00,STOP,806,0.8058,308,SE**,TCS.NS,2026-02-20 11:28:00,TRD****,1729.0,0.0056,
NSE,101,0.8216,2694.13,0.9967,2026-02-20 11:29:13,ORD000*******,2694.4,0.997,FILLED,2026-02-20 11:29:00,LIMIT,101,0.1001,309,SE**,TCS.NS,2026-02-20 11:29:00,TRD****,2981.0,0.0096,
NSE,644,0.6433,2693.76,0.9965,2026-02-20 11:30:55,ORD000*******,2694.2,0.9969,PARTIAL,2026-02-20 11:30:00,STOP,851,0.8509,310,SE**,TCS.NS,2026-02-20 11:30:00,TRD****,4792.0,0.0154,
NSE,584,0.5832,2694.29,0.9968,2026-02-20 11:31:15,ORD000*******,2693.8,0.9967,PARTIAL,2026-02-20 11:31:00,STOP,659,0.6587,311,B**,TCS.NS,2026-02-20 11:31:00,TRD****,2470.0,0.0079,
NSE,238,0.2365,2691.95,0.9958,2026-02-20 11:32:09,ORD000*******,2692.4,0.9961,FILLED,2026-02-20 11:32:00,MARKET,466,0.4655,312,B**,TCS.NS,2026-02-20 11:32:00,TRD****,3270.0,0.0105,
NSE,43,0.2445,2693.47,0.9964,2026-02-20 11:33:23,ORD000*******,2693.0,0.9964,FILLED,2026-02-20 11:33:00,MARKET,43,0.042,313,B**,TCS.NS,2026-02-20 11:33:00,TRD****,4232.0,0.0136,
NSE,51,0.4148,2692.32,0.996,2026-02-20 11:34:31,ORD000*******,2692.8,0.9963,FILLED,2026-02-20 11:34:00,LIMIT,51,0.0501,314,B**,TCS.NS,2026-02-20 11:34:00,TRD****,1326.0,0.0043,
NSE,671,0.8657,2692.53,0.9961,2026-02-20 11:35:31,ORD000*******,2692.8,0.9963,PARTIAL,2026-02-20 11:35:00,STOP,671,0.6707,315,B**,TCS.NS,2026-02-20 11:35:00,TRD****,1682.0,0.0054,
NSE,616,0.9008,2692.2,0.9959,2026-02-20 11:36:37,ORD000*******,2692.6,0.9962,CANCELLED,2026-02-20 11:36:00,LIMIT,616,0.6156,316,SE**,TCS.NS,2026-02-20 11:36:00,TRD****,1630.0,0.0052,
NSE,113,0.2445,2693.62,0.9965,2026-02-20 11:37:07,ORD000*******,2693.5,0.9966,FILLED,2026-02-20 11:37:00,LIMIT,113,0.1121,317,B**,TCS.NS,2026-02-20 11:37:00,TRD****,1601.0,0.0052,
NSE,17,0.015,2693.29,0.9964,2026-02-20 11:38:13,ORD000*******,2693.2,0.9965,FILLED,2026-02-20 11:38:00,LIMIT,383,0.3824,318,SE**,TCS.NS,2026-02-20 11:38:00,TRD****,1991.0,0.0064,
NSE,672,0.6713,2694.56,0.9969,2026-02-20 11:39:33,ORD000*******,2694.3,0.9969,PARTIAL,2026-02-20 11:39:00,MARKET,906,0.9059,319,B**,TCS.NS,2026-02-20 11:39:00,TRD****,4024.0,0.0129,
NSE,633,0.7054,2693.68,0.9965,2026-02-20 11:40:45,ORD000*******,2694.1,0.9968,FILLED,2026-02-20 11:40:00,MARKET,633,0.6326,320,B**,TCS.NS,2026-02-20 11:40:00,TRD****,2624.0,0.0084,
NSE,57,0.6323,2691.97,0.9958,2026-02-20 11:41:20,ORD000*******,2692.0,0.996,CANCELLED,2026-02-20 11:41:00,LIMIT,57,0.0561,321,SE**,TCS.NS,2026-02-20 11:41:00,TRD****,1552.0,0.005,
NSE,676,0.7114,2691.59,0.9957,2026-02-20 11:42:46,ORD000*******,2692.0,0.996,FILLED,2026-02-20 11:42:00,LIMIT,676,0.6757,322,SE**,TCS.NS,2026-02-20 11:42:00,TRD****,2787.0,0.009,
NSE,126,0.1242,2691.93,0.9958,2026-02-20 11:43:52,ORD000*******,2691.8,0.9959,PARTIAL,2026-02-20 11:43:00,LIMIT,164,0.1632,323,SE**,TCS.NS,2026-02-20 11:43:00,TRD****,3497.0,0.0113,
NSE,5,0.003,2692.2,0.9959,2026-02-20 11:44:08,ORD000*******,2691.8,0.9959,CANCELLED,2026-02-20 11:44:00,STOP,745,0.7447,324,B**,TCS.NS,2026-02-20 11:44:00,TRD****,2320.0,0.0075,
NSE,609,0.7164,2693.02,0.9963,2026-02-20 11:45:29,ORD000*******,2693.5,0.9966,PARTIAL,2026-02-20 11:45:00,MARKET,609,0.6086,325,SE**,TCS.NS,2026-02-20 11:45:00,TRD****,2773.0,0.0089,
NSE,14,0.012,2692.78,0.9962,2026-02-20 11:46:49,ORD000*******,2692.9,0.9964,CANCELLED,2026-02-20 11:46:00,STOP,997,0.997,326,B**,TCS.NS,2026-02-20 11:46:00,TRD****,4613.0,0.0148,
NSE,217,0.9028,2689.84,0.995,2026-02-20 11:47:54,ORD000*******,2690.0,0.9952,FILLED,2026-02-20 11:47:00,STOP,217,0.2162,327,B**,TCS.NS,2026-02-20 11:47:00,TRD****,3356.0,0.0108,
NSE,440,0.4389,2687.59,0.9941,2026-02-20 11:48:31,ORD000*******,2687.3,0.9941,FILLED,2026-02-20 11:48:00,MARKET,507,0.5065,328,SE**,TCS.NS,2026-02-20 11:48:00,TRD****,6598.0,0.0212,
NSE,418,0.4168,2687.55,0.9941,2026-02-20 11:49:10,ORD000*******,2687.6,0.9942,FILLED,2026-02-20 11:49:00,MARKET,538,0.5375,329,SE**,TCS.NS,2026-02-20 11:49:00,TRD****,3243.0,0.0104,
NSE,27,0.0251,2685.33,0.9932,2026-02-20 11:50:09,ORD000*******,2685.4,0.9933,FILLED,2026-02-20 11:50:00,STOP,75,0.0741,330,SE**,TCS.NS,2026-02-20 11:50:00,TRD****,3604.0,0.0116,
NSE,581,0.5802,2685.47,0.9932,2026-02-20 11:51:12,ORD000*******,2685.6,0.9934,FILLED,2026-02-20 11:51:00,LIMIT,740,0.7397,331,B**,TCS.NS,2026-02-20 11:51:00,TRD****,4961.0,0.016,
NSE,1,0.2355,2683.7,0.9925,2026-02-20 11:52:30,ORD000*******,2684.1,0.9928,FILLED,2026-02-20 11:52:00,LIMIT,1,0.0,332,SE**,TCS.NS,2026-02-20 11:52:00,TRD****,5314.0,0.0171,
NSE,9,0.6463,2685.43,0.9932,2026-02-20 11:53:03,ORD000*******,2685.0,0.9932,FILLED,2026-02-20 11:53:00,STOP,9,0.008,333,B**,TCS.NS,2026-02-20 11:53:00,TRD****,1417.0,0.0046,
NSE,929,0.9289,2685.15,0.9931,2026-02-20 11:54:47,ORD000*******,2685.1,0.9932,FILLED,2026-02-20 11:54:00,LIMIT,960,0.96,334,SE**,TCS.NS,2026-02-20 11:54:00,TRD****,2692.0,0.0087,
NSE,252,0.6353,2685.8,0.9934,2026-02-20 11:55:10,ORD000*******,2685.5,0.9934,FILLED,2026-02-20 11:55:00,LIMIT,252,0.2513,335,B**,TCS.NS,2026-02-20 11:55:00,TRD****,6343.0,0.0204,
NSE,66,0.0641,2686.18,0.9935,2026-02-20 11:56:26,ORD000*******,2686.3,0.9937,PARTIAL,2026-02-20 11:56:00,MARKET,86,0.0851,336,SE**,TCS.NS,2026-02-20 11:56:00,TRD****,1928.0,0.0062,
NSE,430,0.6673,2688.58,0.9945,2026-02-20 11:57:11,ORD000*******,2688.1,0.9944,FILLED,2026-02-20 11:57:00,STOP,430,0.4294,337,SE**,TCS.NS,2026-02-20 11:57:00,TRD****,2579.0,0.0083,
NSE,205,0.2034,2687.97,0.9942,2026-02-20 11:58:31,ORD000*******,2688.0,0.9944,PARTIAL,2026-02-20 11:58:00,MARKET,220,0.2192,338,B**,TCS.NS,2026-02-20 11:58:00,TRD****,3514.0,0.0113,
NSE,322,0.3206,2687.73,0.9941,2026-02-20 11:59:52,ORD000*******,2687.5,0.9942,FILLED,2026-02-20 11:59:00,LIMIT,534,0.5335,339,B**,TCS.NS,2026-02-20 11:59:00,TRD****,1114.0,0.0036,
NSE,414,0.8116,2685.85,0.9934,2026-02-20 12:00:09,ORD000*******,2685.9,0.9935,FILLED,2026-02-20 12:00:00,MARKET,414,0.4134,340,B**,TCS.NS,2026-02-20 12:00:00,TRD****,2356.0,0.0076,
NSE,48,0.0461,2684.86,0.993,2026-02-20 12:01:14,ORD000*******,2684.6,0.993,FILLED,2026-02-20 12:01:00,MARKET,691,0.6907,341,B**,TCS.NS,2026-02-20 12:01:00,TRD****,822.0,0.0026,
NSE,472,0.4709,2683.37,0.9924,2026-02-20 12:02:15,ORD000*******,2683.3,0.9925,CANCELLED,2026-02-20 12:02:00,STOP,599,0.5986,342,SE**,TCS.NS,2026-02-20 12:02:00,TRD****,1718.0,0.0055,
NSE,3,0.7134,2684.42,0.9928,2026-02-20 12:03:32,ORD000*******,2684.3,0.9929,FILLED,2026-02-20 12:03:00,STOP,3,0.002,343,SE**,TCS.NS,2026-02-20 12:03:00,TRD****,1163.0,0.0037,
NSE,329,0.3277,2684.08,0.9927,2026-02-20 12:04:22,ORD000*******,2683.8,0.9927,FILLED,2026-02-20 12:04:00,STOP,452,0.4515,344,SE**,TCS.NS,2026-02-20 12:04:00,TRD****,2710.0,0.0087,
NSE,20,0.018,2683.8,0.9926,2026-02-20 12:05:48,ORD000*******,2683.6,0.9926,FILLED,2026-02-20 12:05:00,LIMIT,945,0.9449,345,B**,TCS.NS,2026-02-20 12:05:00,TRD****,2776.0,0.0089,
NSE,207,0.2054,2684.97,0.993,2026-02-20 12:06:27,ORD000*******,2684.7,0.9931,CANCELLED,2026-02-20 12:06:00,LIMIT,236,0.2352,346,SE**,TCS.NS,2026-02-20 12:06:00,TRD****,2559.0,0.0082,
NSE,496,0.8587,2684.95,0.993,2026-02-20 12:07:35,ORD000*******,2685.0,0.9932,CANCELLED,2026-02-20 12:07:00,STOP,496,0.4955,347,SE**,TCS.NS,2026-02-20 12:07:00,TRD****,1234.0,0.004,
NSE,435,0.4339,2684.8,0.993,2026-02-20 12:08:49,ORD000*******,2684.5,0.993,FILLED,2026-02-20 12:08:00,MARKET,663,0.6627,348,SE**,TCS.NS,2026-02-20 12:08:00,TRD****,1313.0,0.0042,
NSE,263,0.2615,2684.11,0.9927,2026-02-20 12:09:12,ORD000*******,2684.5,0.993,FILLED,2026-02-20 12:08:59,STOP,690,0.6897,349,B**,TCS.NS,2026-02-20 12:08:59,TRD****,0.0,0.0,
NSE,349,0.9599,1345.25,0.4558,2026-02-20 09:15:48,ORD000*******,1345.0,0.4558,FILLED,2026-02-20 09:15:00,STOP,349,0.3483,350,B**,INFY.NS,2026-02-20 09:15:00,TRD****,0.0,0.0,
NSE,297,0.7385,1348.21,0.457,2026-02-20 09:16:06,ORD000*******,1347.9,0.4569,CANCELLED,2026-02-20 09:16:00,MARKET,297,0.2963,351,SE**,INFY.NS,2026-02-20 09:16:00,TRD****,127211.7927270113,0.6407,
NSE,179,0.3687,1343.63,0.4551,2026-02-20 09:17:45,ORD000*******,1343.4,0.4551,PARTIAL,2026-02-20 09:17:00,STOP,179,0.1782,352,SE**,INFY.NS,2026-02-20 09:17:00,TRD****,127211.7927270113,0.5618,
NSE,444,0.492,1343.1,0.4549,2026-02-20 09:18:11,ORD000*******,1343.2,0.455,CANCELLED,2026-02-20 09:18:00,LIMIT,444,0.4434,353,B**,INFY.NS,2026-02-20 09:18:00,TRD****,127211.7927270113,0.4301,
NSE,471,0.4699,1346.82,0.4564,2026-02-20 09:19:27,ORD000*******,1346.5,0.4564,FILLED,2026-02-20 09:19:00,LIMIT,597,0.5966,354,SE**,INFY.NS,2026-02-20 09:19:00,TRD****,127211.7927270113,0.4306,
NSE,175,0.1733,1346.72,0.4564,2026-02-20 09:20:15,ORD000*******,1346.9,0.4565,FILLED,2026-02-20 09:20:00,MARKET,607,0.6066,355,B**,INFY.NS,2026-02-20 09:20:00,TRD****,127211.7927270113,0.7116,
NSE,196,0.6072,1348.18,0.457,2026-02-20 09:21:16,ORD000*******,1348.0,0.457,FILLED,2026-02-20 09:21:00,STOP,196,0.1952,356,SE**,INFY.NS,2026-02-20 09:21:00,TRD****,65366.0,0.2103,
NSE,88,0.0862,1346.41,0.4563,2026-02-20 09:22:03,ORD000*******,1346.8,0.4565,CANCELLED,2026-02-20 09:22:00,MARKET,760,0.7598,357,B**,INFY.NS,2026-02-20 09:22:00,TRD****,75578.0,0.2432,
NSE,815,0.8146,1345.68,0.456,2026-02-20 09:23:35,ORD000*******,1345.9,0.4561,FILLED,2026-02-20 09:23:00,LIMIT,959,0.959,358,SE**,INFY.NS,2026-02-20 09:23:00,TRD****,46046.0,0.1482,
NSE,217,0.2154,1339.68,0.4536,2026-02-20 09:24:03,ORD000*******,1339.4,0.4535,FILLED,2026-02-20 09:24:00,MARKET,952,0.952,359,SE**,INFY.NS,2026-02-20 09:24:00,TRD****,127211.7927270113,0.4279,
NSE,267,0.2655,1339.8,0.4536,2026-02-20 09:25:29,ORD000*******,1340.2,0.4538,FILLED,2026-02-20 09:25:00,STOP,498,0.4975,360,SE**,INFY.NS,2026-02-20 09:25:00,TRD****,87157.0,0.2804,
NSE,733,0.7325,1341.31,0.4542,2026-02-20 09:26:27,ORD000*******,1340.9,0.4541,FILLED,2026-02-20 09:26:00,STOP,977,0.977,361,B**,INFY.NS,2026-02-20 09:26:00,TRD****,41189.0,0.1325,
NSE,485,0.484,1340.55,0.4539,2026-02-20 09:27:20,ORD000*******,1340.2,0.4538,FILLED,2026-02-20 09:27:00,STOP,881,0.8809,362,SE**,INFY.NS,2026-02-20 09:27:00,TRD****,127211.7927270113,0.4393,
NSE,450,0.4489,1340.53,0.4539,2026-02-20 09:28:26,ORD000*******,1341.0,0.4542,FILLED,2026-02-20 09:28:00,LIMIT,842,0.8418,363,SE**,INFY.NS,2026-02-20 09:28:00,TRD****,92294.0,0.297,
NSE,733,0.8517,1343.36,0.455,2026-02-20 09:29:03,ORD000*******,1343.0,0.455,FILLED,2026-02-20 09:29:00,STOP,733,0.7327,364,SE**,INFY.NS,2026-02-20 09:29:00,TRD****,79230.0,0.2549,
NSE,158,0.1563,1346.23,0.4562,2026-02-20 09:30:27,ORD000*******,1346.0,0.4562,CANCELLED,2026-02-20 09:30:00,MARKET,924,0.9239,365,B**,INFY.NS,2026-02-20 09:30:00,TRD****,97521.0,0.3138,
NSE,215,0.2134,1346.8,0.4564,2026-02-20 09:31:05,ORD000*******,1346.7,0.4564,FILLED,2026-02-20 09:31:00,STOP,693,0.6927,366,SE**,INFY.NS,2026-02-20 09:31:00,TRD****,65516.0,0.2108,
NSE,278,0.8226,1348.88,0.4572,2026-02-20 09:32:03,ORD000*******,1348.8,0.4573,PARTIAL,2026-02-20 09:32:00,STOP,278,0.2773,367,SE**,INFY.NS,2026-02-20 09:32:00,TRD****,112709.0,0.3626,
NSE,41,0.0391,1350.9,0.4581,2026-02-20 09:33:48,ORD000*******,1350.4,0.4579,PARTIAL,2026-02-20 09:33:00,LIMIT,886,0.8859,368,B**,INFY.NS,2026-02-20 09:33:00,TRD****,127211.7927270113,0.6302,
NSE,202,0.9719,1352.59,0.4587,2026-02-20 09:34:49,ORD000*******,1352.3,0.4587,FILLED,2026-02-20 09:34:00,MARKET,202,0.2012,369,SE**,INFY.NS,2026-02-20 09:34:00,TRD****,102860.0,0.3309,
NSE,558,0.5571,1354.19,0.4594,2026-02-20 09:35:15,ORD000*******,1354.5,0.4596,PARTIAL,2026-02-20 09:35:00,LIMIT,990,0.99,370,B**,INFY.NS,2026-02-20 09:35:00,TRD****,101883.0,0.3278,
NSE,527,0.9419,1352.63,0.4588,2026-02-20 09:36:33,ORD000*******,1352.9,0.4589,FILLED,2026-02-20 09:36:00,MARKET,527,0.5265,371,B**,INFY.NS,2026-02-20 09:36:00,TRD****,51109.0,0.1644,
NSE,32,0.0301,1351.62,0.4583,2026-02-20 09:37:30,ORD000*******,1351.7,0.4584,FILLED,2026-02-20 09:37:00,STOP,626,0.6256,372,SE**,INFY.NS,2026-02-20 09:37:00,TRD****,37977.0,0.1222,
NSE,433,0.9108,1350.06,0.4577,2026-02-20 09:38:31,ORD000*******,1350.1,0.4578,FILLED,2026-02-20 09:38:00,LIMIT,433,0.4324,373,SE**,INFY.NS,2026-02-20 09:38:00,TRD****,53308.0,0.1715,
NSE,304,0.3026,1351.68,0.4584,2026-02-20 09:39:47,ORD000*******,1351.6,0.4584,FILLED,2026-02-20 09:39:00,LIMIT,868,0.8679,374,B**,INFY.NS,2026-02-20 09:39:00,TRD****,35605.0,0.1146,
NSE,22,0.1573,1349.18,0.4574,2026-02-20 09:40:02,ORD000*******,1349.0,0.4574,CANCELLED,2026-02-20 09:40:00,MARKET,22,0.021,375,SE**,INFY.NS,2026-02-20 09:40:00,TRD****,49237.0,0.1584,
NSE,622,0.6212,1348.88,0.4572,2026-02-20 09:41:24,ORD000*******,1348.5,0.4572,PARTIAL,2026-02-20 09:41:00,MARKET,878,0.8779,376,B**,INFY.NS,2026-02-20 09:41:00,TRD****,36056.0,0.116,
NSE,265,0.7224,1351.84,0.4584,2026-02-20 09:42:23,ORD000*******,1351.4,0.4583,CANCELLED,2026-02-20 09:42:00,MARKET,265,0.2643,377,SE**,INFY.NS,2026-02-20 09:42:00,TRD****,48451.0,0.1559,
NSE,203,0.6323,1351.97,0.4585,2026-02-20 09:43:43,ORD000*******,1351.8,0.4585,FILLED,2026-02-20 09:43:00,STOP,203,0.2022,378,B**,INFY.NS,2026-02-20 09:43:00,TRD****,20735.0,0.0667,
NSE,261,0.3838,1351.79,0.4584,2026-02-20 09:44:13,ORD000*******,1351.4,0.4583,FILLED,2026-02-20 09:44:00,STOP,261,0.2603,379,B**,INFY.NS,2026-02-20 09:44:00,TRD****,33750.0,0.1086,
NSE,34,0.0321,1352.74,0.4588,2026-02-20 09:45:47,ORD000*******,1352.4,0.4587,FILLED,2026-02-20 09:45:00,MARKET,286,0.2853,380,B**,INFY.NS,2026-02-20 09:45:00,TRD****,25993.0,0.0836,
NSE,471,0.4699,1352.07,0.4585,2026-02-20 09:46:18,ORD000*******,1351.8,0.4585,PARTIAL,2026-02-20 09:46:00,STOP,635,0.6346,381,B**,INFY.NS,2026-02-20 09:46:00,TRD****,49714.0,0.16,
NSE,407,0.4058,1352.2,0.4586,2026-02-20 09:47:26,ORD000*******,1352.0,0.4586,CANCELLED,2026-02-20 09:47:00,STOP,880,0.8799,382,B**,INFY.NS,2026-02-20 09:47:00,TRD****,45124.0,0.1452,
NSE,450,0.4489,1352.62,0.4587,2026-02-20 09:48:04,ORD000*******,1352.6,0.4588,PARTIAL,2026-02-20 09:48:00,STOP,888,0.8879,383,SE**,INFY.NS,2026-02-20 09:48:00,TRD****,21386.0,0.0688,
NSE,264,0.2625,1352.09,0.4585,2026-02-20 09:49:07,ORD000*******,1351.9,0.4585,FILLED,2026-02-20 09:49:00,LIMIT,543,0.5425,384,B**,INFY.NS,2026-02-20 09:49:00,TRD****,11913.0,0.0383,
NSE,431,0.4299,1353.6,0.4591,2026-02-20 09:50:01,ORD000*******,1353.4,0.4591,FILLED,2026-02-20 09:50:00,STOP,432,0.4314,385,B**,INFY.NS,2026-02-20 09:50:00,TRD****,30946.0,0.0996,
NSE,209,0.2074,1353.21,0.459,2026-02-20 09:51:05,ORD000*******,1353.2,0.459,CANCELLED,2026-02-20 09:51:00,STOP,378,0.3774,386,B**,INFY.NS,2026-02-20 09:51:00,TRD****,18903.0,0.0608,
NSE,258,0.2565,1352.11,0.4585,2026-02-20 09:52:05,ORD000*******,1352.0,0.4586,CANCELLED,2026-02-20 09:52:00,LIMIT,321,0.3203,387,B**,INFY.NS,2026-02-20 09:52:00,TRD****,18944.0,0.061,
NSE,139,0.999,1350.94,0.4581,2026-02-20 09:53:44,ORD000*******,1351.3,0.4583,FILLED,2026-02-20 09:53:00,STOP,139,0.1381,388,B**,INFY.NS,2026-02-20 09:53:00,TRD****,14065.0,0.0453,
NSE,185,0.7405,1351.98,0.4585,2026-02-20 09:54:34,ORD000*******,1351.6,0.4584,CANCELLED,2026-02-20 09:54:00,LIMIT,185,0.1842,389,SE**,INFY.NS,2026-02-20 09:54:00,TRD****,25999.0,0.0837,
NSE,157,0.1553,1352.12,0.4585,2026-02-20 09:55:09,ORD000*******,1351.9,0.4585,FILLED,2026-02-20 09:55:00,LIMIT,449,0.4484,390,SE**,INFY.NS,2026-02-20 09:55:00,TRD****,18936.0,0.0609,
NSE,672,0.7194,1352.0,0.4585,2026-02-20 09:56:17,ORD000*******,1352.2,0.4586,FILLED,2026-02-20 09:56:00,MARKET,672,0.6717,391,SE**,INFY.NS,2026-02-20 09:56:00,TRD****,15136.0,0.0487,
NSE,478,0.477,1352.3,0.4586,2026-02-20 09:57:44,ORD000*******,1352.4,0.4587,CANCELLED,2026-02-20 09:57:00,STOP,553,0.5526,392,B**,INFY.NS,2026-02-20 09:57:00,TRD****,26767.0,0.0861,
NSE,79,0.0772,1351.7,0.4584,2026-02-20 09:58:12,ORD000*******,1352.2,0.4586,FILLED,2026-02-20 09:58:00,STOP,123,0.1221,393,SE**,INFY.NS,2026-02-20 09:58:00,TRD****,6723.0,0.0216,
NSE,261,0.2595,1354.5,0.4595,2026-02-20 09:59:43,ORD000*******,1354.3,0.4595,FILLED,2026-02-20 09:59:00,STOP,484,0.4835,394,B**,INFY.NS,2026-02-20 09:59:00,TRD****,36973.0,0.119,
NSE,501,0.5,1353.34,0.459,2026-02-20 10:00:56,ORD000*******,1353.3,0.4591,FILLED,2026-02-20 10:00:00,MARKET,817,0.8168,395,SE**,INFY.NS,2026-02-20 10:00:00,TRD****,62214.0,0.2002,
NSE,578,0.6102,1352.83,0.4588,2026-02-20 10:01:48,ORD000*******,1352.5,0.4588,PARTIAL,2026-02-20 10:01:00,MARKET,578,0.5776,396,B**,INFY.NS,2026-02-20 10:01:00,TRD****,16210.0,0.0522,
NSE,160,0.1583,1352.86,0.4588,2026-02-20 10:02:30,ORD000*******,1352.5,0.4588,CANCELLED,2026-02-20 10:02:00,LIMIT,248,0.2472,397,SE**,INFY.NS,2026-02-20 10:02:00,TRD****,20474.0,0.0659,
NSE,343,0.3417,1351.45,0.4583,2026-02-20 10:03:22,ORD000*******,1351.6,0.4584,FILLED,2026-02-20 10:03:00,MARKET,994,0.994,398,B**,INFY.NS,2026-02-20 10:03:00,TRD****,12754.0,0.041,
NSE,74,0.6443,1352.67,0.4588,2026-02-20 10:04:02,ORD000*******,1352.6,0.4588,FILLED,2026-02-20 10:04:00,LIMIT,74,0.0731,399,SE**,INFY.NS,2026-02-20 10:04:00,TRD****,11105.0,0.0357,
NSE,616,0.6974,1353.8,0.4592,2026-02-20 10:05:43,ORD000*******,1353.7,0.4592,FILLED,2026-02-20 10:05:00,STOP,616,0.6156,400,SE**,INFY.NS,2026-02-20 10:05:00,TRD****,33695.0,0.1084,
NSE,470,0.8277,1354.5,0.4595,2026-02-20 10:06:37,ORD000*******,1354.4,0.4595,PARTIAL,2026-02-20 10:06:00,MARKET,470,0.4695,401,B**,INFY.NS,2026-02-20 10:06:00,TRD****,20732.0,0.0667,
NSE,405,0.4038,1354.56,0.4595,2026-02-20 10:07:28,ORD000*******,1354.2,0.4594,PARTIAL,2026-02-20 10:07:00,LIMIT,480,0.4795,402,B**,INFY.NS,2026-02-20 10:07:00,TRD****,14228.0,0.0458,
NSE,393,0.3918,1352.84,0.4588,2026-02-20 10:09:00,ORD000*******,1352.7,0.4588,PARTIAL,2026-02-20 10:08:00,MARKET,481,0.4805,403,SE**,INFY.NS,2026-02-20 10:08:00,TRD****,28329.0,0.0911,
NSE,101,0.514,1353.34,0.459,2026-02-20 10:09:37,ORD000*******,1353.8,0.4593,FILLED,2026-02-20 10:09:00,STOP,101,0.1001,404,B**,INFY.NS,2026-02-20 10:09:00,TRD****,11633.0,0.0374,
NSE,49,0.5752,1354.34,0.4594,2026-02-20 10:10:37,ORD000*******,1354.2,0.4594,CANCELLED,2026-02-20 10:10:00,STOP,49,0.048,405,B**,INFY.NS,2026-02-20 10:10:00,TRD****,15510.0,0.0499,
NSE,107,0.1052,1356.18,0.4602,2026-02-20 10:11:11,ORD000*******,1355.9,0.4601,FILLED,2026-02-20 10:11:00,LIMIT,595,0.5946,406,B**,INFY.NS,2026-02-20 10:11:00,TRD****,40266.0,0.1296,
NSE,479,0.6503,1354.96,0.4597,2026-02-20 10:12:53,ORD000*******,1355.3,0.4599,FILLED,2026-02-20 10:12:00,LIMIT,479,0.4785,407,B**,INFY.NS,2026-02-20 10:12:00,TRD****,20004.0,0.0644,
NSE,555,0.5541,1355.72,0.46,2026-02-20 10:13:55,ORD000*******,1355.3,0.4599,FILLED,2026-02-20 10:13:00,MARKET,851,0.8509,408,SE**,INFY.NS,2026-02-20 10:13:00,TRD****,26078.0,0.0839,
NSE,291,0.2896,1355.12,0.4598,2026-02-20 10:14:03,ORD000*******,1355.2,0.4598,PARTIAL,2026-02-20 10:14:00,LIMIT,293,0.2923,409,SE**,INFY.NS,2026-02-20 10:14:00,TRD****,10239.0,0.0329,
NSE,210,0.2084,1356.05,0.4601,2026-02-20 10:15:43,ORD000*******,1356.3,0.4603,CANCELLED,2026-02-20 10:15:00,LIMIT,347,0.3463,410,SE**,INFY.NS,2026-02-20 10:15:00,TRD****,18280.0,0.0588,
NSE,179,0.6473,1360.55,0.4619,2026-02-20 10:16:54,ORD000*******,1360.6,0.462,FILLED,2026-02-20 10:16:00,MARKET,179,0.1782,411,SE**,INFY.NS,2026-02-20 10:16:00,TRD****,127211.7927270113,0.4234,
NSE,156,0.3727,1360.13,0.4618,2026-02-20 10:17:16,ORD000*******,1360.6,0.462,PARTIAL,2026-02-20 10:17:00,MARKET,156,0.1552,412,SE**,INFY.NS,2026-02-20 10:17:00,TRD****,35988.0,0.1158,
NSE,136,0.3267,1361.95,0.4625,2026-02-20 10:18:13,ORD000*******,1361.5,0.4624,PARTIAL,2026-02-20 10:18:00,STOP,136,0.1351,413,B**,INFY.NS,2026-02-20 10:18:00,TRD****,32176.0,0.1035,
NSE,641,0.8317,1359.73,0.4616,2026-02-20 10:19:45,ORD000*******,1359.6,0.4616,FILLED,2026-02-20 10:19:00,LIMIT,641,0.6406,414,B**,INFY.NS,2026-02-20 10:19:00,TRD****,34384.0,0.1106,
NSE,53,0.2796,1359.69,0.4616,2026-02-20 10:20:33,ORD000*******,1359.2,0.4615,FILLED,2026-02-20 10:20:00,LIMIT,53,0.0521,415,SE**,INFY.NS,2026-02-20 10:20:00,TRD****,83133.0,0.2675,
NSE,263,0.2615,1359.01,0.4613,2026-02-20 10:21:55,ORD000*******,1359.3,0.4615,FILLED,2026-02-20 10:21:00,MARKET,685,0.6847,416,B**,INFY.NS,2026-02-20 10:21:00,TRD****,30736.0,0.0989,
NSE,60,0.6423,1358.85,0.4612,2026-02-20 10:22:41,ORD000*******,1359.3,0.4615,FILLED,2026-02-20 10:22:00,STOP,60,0.0591,417,SE**,INFY.NS,2026-02-20 10:22:00,TRD****,30369.0,0.0977,
NSE,305,0.4269,1361.51,0.4623,2026-02-20 10:23:59,ORD000*******,1361.4,0.4623,PARTIAL,2026-02-20 10:23:00,MARKET,305,0.3043,418,B**,INFY.NS,2026-02-20 10:23:00,TRD****,53538.0,0.1723,
NSE,318,0.5862,1362.31,0.4626,2026-02-20 10:24:11,ORD000*******,1361.9,0.4625,FILLED,2026-02-20 10:24:00,STOP,318,0.3173,419,SE**,INFY.NS,2026-02-20 10:24:00,TRD****,20953.0,0.0674,
NSE,879,0.9379,1364.16,0.4634,2026-02-20 10:25:49,ORD000*******,1364.4,0.4635,FILLED,2026-02-20 10:25:00,MARKET,879,0.8789,420,B**,INFY.NS,2026-02-20 10:25:00,TRD****,75349.0,0.2424,
NSE,309,0.7455,1364.35,0.4635,2026-02-20 10:26:38,ORD000*******,1364.6,0.4636,FILLED,2026-02-20 10:26:00,STOP,309,0.3083,421,SE**,INFY.NS,2026-02-20 10:26:00,TRD****,45369.0,0.146,
NSE,812,0.9639,1363.89,0.4633,2026-02-20 10:27:45,ORD000*******,1363.5,0.4632,FILLED,2026-02-20 10:27:00,MARKET,812,0.8118,422,SE**,INFY.NS,2026-02-20 10:27:00,TRD****,43223.0,0.1391,
NSE,28,0.0261,1361.22,0.4622,2026-02-20 10:28:16,ORD000*******,1361.6,0.4624,FILLED,2026-02-20 10:28:00,LIMIT,71,0.0701,423,SE**,INFY.NS,2026-02-20 10:28:00,TRD****,73219.0,0.2356,
NSE,12,0.4549,1359.93,0.4617,2026-02-20 10:29:15,ORD000*******,1360.2,0.4619,FILLED,2026-02-20 10:29:00,MARKET,12,0.011,424,SE**,INFY.NS,2026-02-20 10:29:00,TRD****,28258.0,0.0909,
NSE,404,0.4429,1362.11,0.4626,2026-02-20 10:30:20,ORD000*******,1361.9,0.4625,PARTIAL,2026-02-20 10:30:00,MARKET,404,0.4034,425,B**,INFY.NS,2026-02-20 10:30:00,TRD****,15294.0,0.0492,
NSE,93,0.7936,1361.3,0.4622,2026-02-20 10:31:53,ORD000*******,1361.5,0.4624,CANCELLED,2026-02-20 10:31:00,MARKET,93,0.0921,426,B**,INFY.NS,2026-02-20 10:31:00,TRD****,23819.0,0.0766,
NSE,40,0.6353,1361.47,0.4623,2026-02-20 10:32:33,ORD000*******,1361.9,0.4625,FILLED,2026-02-20 10:32:00,STOP,40,0.039,427,B**,INFY.NS,2026-02-20 10:32:00,TRD****,7937.0,0.0255,
NSE,290,0.2886,1361.92,0.4625,2026-02-20 10:33:37,ORD000*******,1362.3,0.4627,FILLED,2026-02-20 10:33:00,STOP,354,0.3534,428,SE**,INFY.NS,2026-02-20 10:33:00,TRD****,27679.0,0.0891,
NSE,169,0.1673,1362.05,0.4625,2026-02-20 10:34:41,ORD000*******,1361.7,0.4625,FILLED,2026-02-20 10:34:00,LIMIT,776,0.7758,429,SE**,INFY.NS,2026-02-20 10:34:00,TRD****,32235.0,0.1037,
NSE,361,0.3597,1361.57,0.4623,2026-02-20 10:35:11,ORD000*******,1361.7,0.4625,FILLED,2026-02-20 10:35:00,MARKET,701,0.7007,430,B**,INFY.NS,2026-02-20 10:35:00,TRD****,7447.0,0.024,
NSE,332,0.3307,1360.78,0.462,2026-02-20 10:36:45,ORD000*******,1360.9,0.4621,CANCELLED,2026-02-20 10:36:00,MARKET,453,0.4525,431,SE**,INFY.NS,2026-02-20 10:36:00,TRD****,44120.0,0.142,
NSE,422,0.4208,1360.7,0.462,2026-02-20 10:37:46,ORD000*******,1360.8,0.4621,CANCELLED,2026-02-20 10:37:00,LIMIT,512,0.5115,432,B**,INFY.NS,2026-02-20 10:37:00,TRD****,22442.0,0.0722,
NSE,627,0.8788,1360.78,0.462,2026-02-20 10:38:55,ORD000*******,1360.7,0.4621,FILLED,2026-02-20 10:38:00,MARKET,627,0.6266,433,B**,INFY.NS,2026-02-20 10:38:00,TRD****,5115.0,0.0165,
NSE,110,0.7926,1361.45,0.4623,2026-02-20 10:39:21,ORD000*******,1361.0,0.4622,FILLED,2026-02-20 10:39:00,MARKET,110,0.1091,434,SE**,INFY.NS,2026-02-20 10:39:00,TRD****,10682.0,0.0344,
NSE,315,0.3136,1362.6,0.4628,2026-02-20 10:40:21,ORD000*******,1362.7,0.4629,PARTIAL,2026-02-20 10:40:00,LIMIT,921,0.9209,435,B**,INFY.NS,2026-02-20 10:40:00,TRD****,18379.0,0.0591,
NSE,177,0.1754,1361.6,0.4624,2026-02-20 10:41:18,ORD000*******,1361.3,0.4623,FILLED,2026-02-20 10:41:00,LIMIT,236,0.2352,436,B**,INFY.NS,2026-02-20 10:41:00,TRD****,15004.0,0.0483,
NSE,303,0.7395,1361.59,0.4623,2026-02-20 10:42:38,ORD000*******,1361.3,0.4623,FILLED,2026-02-20 10:42:00,LIMIT,303,0.3023,437,SE**,INFY.NS,2026-02-20 10:42:00,TRD****,13660.0,0.044,
NSE,680,0.9208,1361.29,0.4622,2026-02-20 10:43:24,ORD000*******,1360.8,0.4621,FILLED,2026-02-20 10:43:00,MARKET,680,0.6797,438,B**,INFY.NS,2026-02-20 10:43:00,TRD****,12375.0,0.0398,
NSE,48,0.0461,1361.28,0.4622,2026-02-20 10:44:06,ORD000*******,1361.6,0.4624,FILLED,2026-02-20 10:44:00,STOP,402,0.4014,439,SE**,INFY.NS,2026-02-20 10:44:00,TRD****,5066.0,0.0163,
NSE,504,0.8106,1361.71,0.4624,2026-02-20 10:45:40,ORD000*******,1362.0,0.4626,FILLED,2026-02-20 10:45:00,STOP,504,0.5035,440,SE**,INFY.NS,2026-02-20 10:45:00,TRD****,8639.0,0.0278,
NSE,70,0.9389,1362.05,0.4625,2026-02-20 10:46:34,ORD000*******,1361.7,0.4625,FILLED,2026-02-20 10:46:00,LIMIT,70,0.0691,441,SE**,INFY.NS,2026-02-20 10:46:00,TRD****,12131.0,0.039,
NSE,834,0.986,1360.85,0.462,2026-02-20 10:47:08,ORD000*******,1360.8,0.4621,FILLED,2026-02-20 10:47:00,STOP,834,0.8338,442,SE**,INFY.NS,2026-02-20 10:47:00,TRD****,9868.0,0.0317,
NSE,190,0.1884,1361.65,0.4624,2026-02-20 10:48:05,ORD000*******,1361.2,0.4623,FILLED,2026-02-20 10:48:00,LIMIT,248,0.2472,443,SE**,INFY.NS,2026-02-20 10:48:00,TRD****,8458.0,0.0272,
NSE,448,0.521,1361.18,0.4622,2026-02-20 10:49:45,ORD000*******,1361.0,0.4622,FILLED,2026-02-20 10:49:00,MARKET,448,0.4474,444,SE**,INFY.NS,2026-02-20 10:49:00,TRD****,6701.0,0.0216,
NSE,609,0.6082,1359.52,0.4615,2026-02-20 10:50:31,ORD000*******,1359.5,0.4616,FILLED,2026-02-20 10:50:00,MARKET,729,0.7287,445,SE**,INFY.NS,2026-02-20 10:50:00,TRD****,48385.0,0.1557,
NSE,383,0.7255,1359.7,0.4616,2026-02-20 10:51:13,ORD000*******,1360.0,0.4618,FILLED,2026-02-20 10:51:00,MARKET,383,0.3824,446,B**,INFY.NS,2026-02-20 10:51:00,TRD****,28362.0,0.0913,
NSE,887,0.9279,1360.93,0.4621,2026-02-20 10:52:09,ORD000*******,1361.2,0.4623,CANCELLED,2026-02-20 10:52:00,STOP,887,0.8869,447,B**,INFY.NS,2026-02-20 10:52:00,TRD****,87554.0,0.2817,
NSE,249,0.5832,1361.25,0.4622,2026-02-20 10:53:16,ORD000*******,1361.4,0.4623,FILLED,2026-02-20 10:53:00,MARKET,249,0.2482,448,B**,INFY.NS,2026-02-20 10:53:00,TRD****,17541.0,0.0564,
NSE,61,0.0591,1361.14,0.4622,2026-02-20 10:54:04,ORD000*******,1361.6,0.4624,FILLED,2026-02-20 10:54:00,MARKET,90,0.0891,449,SE**,INFY.NS,2026-02-20 10:54:00,TRD****,12689.0,0.0408,
NSE,512,0.7926,1362.76,0.4628,2026-02-20 10:55:25,ORD000*******,1362.5,0.4628,CANCELLED,2026-02-20 10:55:00,STOP,512,0.5115,450,B**,INFY.NS,2026-02-20 10:55:00,TRD****,13136.0,0.0423,
NSE,569,0.5681,1361.93,0.4625,2026-02-20 10:56:30,ORD000*******,1362.2,0.4627,FILLED,2026-02-20 10:56:00,LIMIT,689,0.6887,451,B**,INFY.NS,2026-02-20 10:56:00,TRD****,14712.0,0.0473,
NSE,605,0.6042,1361.89,0.4625,2026-02-20 10:57:05,ORD000*******,1362.0,0.4626,PARTIAL,2026-02-20 10:57:00,LIMIT,839,0.8388,452,B**,INFY.NS,2026-02-20 10:57:00,TRD****,6763.0,0.0218,
NSE,345,0.3437,1361.49,0.4623,2026-02-20 10:58:43,ORD000*******,1361.7,0.4625,FILLED,2026-02-20 10:58:00,LIMIT,924,0.9239,453,SE**,INFY.NS,2026-02-20 10:58:00,TRD****,6251.0,0.0201,
NSE,269,0.2675,1362.13,0.4626,2026-02-20 10:59:55,ORD000*******,1361.9,0.4625,FILLED,2026-02-20 10:59:00,MARKET,390,0.3894,454,SE**,INFY.NS,2026-02-20 10:59:00,TRD****,15010.0,0.0483,
NSE,201,0.3076,1360.84,0.462,2026-02-20 11:00:39,ORD000*******,1361.0,0.4622,PARTIAL,2026-02-20 11:00:00,STOP,201,0.2002,455,B**,INFY.NS,2026-02-20 11:00:00,TRD****,10073.0,0.0324,
NSE,58,0.3687,1359.45,0.4615,2026-02-20 11:01:46,ORD000*******,1359.8,0.4617,FILLED,2026-02-20 11:01:00,MARKET,58,0.0571,456,B**,INFY.NS,2026-02-20 11:01:00,TRD****,13537.0,0.0436,
NSE,235,0.3868,1358.63,0.4612,2026-02-20 11:02:34,ORD000*******,1359.0,0.4614,FILLED,2026-02-20 11:02:00,MARKET,235,0.2342,457,SE**,INFY.NS,2026-02-20 11:02:00,TRD****,16143.0,0.0519,
NSE,824,0.8236,1358.41,0.4611,2026-02-20 11:03:12,ORD000*******,1358.8,0.4613,FILLED,2026-02-20 11:03:00,MARKET,964,0.964,458,B**,INFY.NS,2026-02-20 11:03:00,TRD****,17442.0,0.0561,
NSE,520,0.519,1359.06,0.4613,2026-02-20 11:04:57,ORD000*******,1359.0,0.4614,FILLED,2026-02-20 11:04:00,STOP,788,0.7878,459,SE**,INFY.NS,2026-02-20 11:04:00,TRD****,9483.0,0.0305,
NSE,243,0.2415,1358.87,0.4613,2026-02-20 11:05:46,ORD000*******,1358.8,0.4613,FILLED,2026-02-20 11:05:00,MARKET,256,0.2553,460,SE**,INFY.NS,2026-02-20 11:05:00,TRD****,7613.0,0.0245,
NSE,451,0.4499,1357.82,0.4608,2026-02-20 11:06:38,ORD000*******,1358.1,0.461,CANCELLED,2026-02-20 11:06:00,STOP,497,0.4965,461,B**,INFY.NS,2026-02-20 11:06:00,TRD****,11118.0,0.0358,
NSE,156,0.7876,1358.54,0.4611,2026-02-20 11:07:43,ORD000*******,1358.1,0.461,CANCELLED,2026-02-20 11:07:00,MARKET,156,0.1552,462,B**,INFY.NS,2026-02-20 11:07:00,TRD****,26171.0,0.0842,
NSE,275,0.2735,1358.14,0.461,2026-02-20 11:08:44,ORD000*******,1358.4,0.4611,CANCELLED,2026-02-20 11:08:00,MARKET,477,0.4765,463,SE**,INFY.NS,2026-02-20 11:08:00,TRD****,34354.0,0.1105,
NSE,221,0.2194,1358.34,0.461,2026-02-20 11:09:06,ORD000*******,1358.1,0.461,CANCELLED,2026-02-20 11:09:00,LIMIT,415,0.4144,464,B**,INFY.NS,2026-02-20 11:09:00,TRD****,15067.0,0.0485,
NSE,812,0.8367,1357.75,0.4608,2026-02-20 11:10:19,ORD000*******,1358.1,0.461,FILLED,2026-02-20 11:10:00,MARKET,812,0.8118,465,B**,INFY.NS,2026-02-20 11:10:00,TRD****,14847.0,0.0478,
NSE,270,0.4178,1357.94,0.4609,2026-02-20 11:11:01,ORD000*******,1358.0,0.461,PARTIAL,2026-02-20 11:11:00,MARKET,270,0.2693,466,SE**,INFY.NS,2026-02-20 11:11:00,TRD****,67299.0,0.2165,
NSE,363,0.3617,1358.33,0.461,2026-02-20 11:12:14,ORD000*******,1358.0,0.461,FILLED,2026-02-20 11:12:00,MARKET,811,0.8108,467,B**,INFY.NS,2026-02-20 11:12:00,TRD****,6312.0,0.0203,
NSE,393,0.7154,1356.91,0.4605,2026-02-20 11:13:20,ORD000*******,1356.6,0.4604,FILLED,2026-02-20 11:13:00,MARKET,393,0.3924,468,SE**,INFY.NS,2026-02-20 11:13:00,TRD****,29007.0,0.0933,
NSE,200,0.7816,1357.4,0.4607,2026-02-20 11:14:19,ORD000*******,1357.0,0.4606,FILLED,2026-02-20 11:14:00,STOP,200,0.1992,469,SE**,INFY.NS,2026-02-20 11:14:00,TRD****,8869.0,0.0285,
NSE,880,0.8798,1358.36,0.4611,2026-02-20 11:15:42,ORD000*******,1358.4,0.4611,CANCELLED,2026-02-20 11:15:00,LIMIT,946,0.9459,470,B**,INFY.NS,2026-02-20 11:15:00,TRD****,32172.0,0.1035,
NSE,509,0.508,1357.12,0.4606,2026-02-20 11:16:15,ORD000*******,1357.5,0.4608,CANCELLED,2026-02-20 11:16:00,LIMIT,843,0.8428,471,B**,INFY.NS,2026-02-20 11:16:00,TRD****,9179.0,0.0295,
NSE,513,0.9238,1356.5,0.4603,2026-02-20 11:17:32,ORD000*******,1356.2,0.4602,FILLED,2026-02-20 11:17:00,MARKET,513,0.5125,472,B**,INFY.NS,2026-02-20 11:17:00,TRD****,16683.0,0.0537,
NSE,123,0.8116,1356.33,0.4602,2026-02-20 11:18:54,ORD000*******,1356.1,0.4602,CANCELLED,2026-02-20 11:18:00,LIMIT,123,0.1221,473,B**,INFY.NS,2026-02-20 11:18:00,TRD****,7065.0,0.0227,
NSE,260,0.479,1356.1,0.4601,2026-02-20 11:19:43,ORD000*******,1356.1,0.4602,PARTIAL,2026-02-20 11:19:00,LIMIT,260,0.2593,474,SE**,INFY.NS,2026-02-20 11:19:00,TRD****,17030.0,0.0548,
NSE,555,0.7675,1356.33,0.4602,2026-02-20 11:20:36,ORD000*******,1356.1,0.4602,FILLED,2026-02-20 11:20:00,STOP,555,0.5546,475,SE**,INFY.NS,2026-02-20 11:20:00,TRD****,9554.0,0.0307,
NSE,377,0.6613,1357.42,0.4607,2026-02-20 11:21:26,ORD000*******,1357.2,0.4606,FILLED,2026-02-20 11:21:00,MARKET,377,0.3764,476,SE**,INFY.NS,2026-02-20 11:21:00,TRD****,15311.0,0.0493,
NSE,57,0.0551,1357.2,0.4606,2026-02-20 11:22:41,ORD000*******,1356.8,0.4605,FILLED,2026-02-20 11:22:00,LIMIT,900,0.8999,477,B**,INFY.NS,2026-02-20 11:22:00,TRD****,6399.0,0.0206,
NSE,180,0.6904,1356.28,0.4602,2026-02-20 11:23:14,ORD000*******,1356.6,0.4604,FILLED,2026-02-20 11:23:00,LIMIT,180,0.1792,478,B**,INFY.NS,2026-02-20 11:23:00,TRD****,7438.0,0.0239,
NSE,455,0.4539,1356.56,0.4603,2026-02-20 11:24:39,ORD000*******,1357.0,0.4606,FILLED,2026-02-20 11:24:00,LIMIT,511,0.5105,479,B**,INFY.NS,2026-02-20 11:24:00,TRD****,8406.0,0.027,
NSE,100,0.7014,1356.61,0.4603,2026-02-20 11:25:10,ORD000*******,1357.1,0.4606,CANCELLED,2026-02-20 11:25:00,STOP,100,0.0991,480,SE**,INFY.NS,2026-02-20 11:25:00,TRD****,8975.0,0.0289,
NSE,449,0.4479,1358.33,0.461,2026-02-20 11:26:14,ORD000*******,1357.9,0.4609,CANCELLED,2026-02-20 11:26:00,LIMIT,989,0.989,481,SE**,INFY.NS,2026-02-20 11:26:00,TRD****,10957.0,0.0353,
NSE,186,0.1844,1358.34,0.461,2026-02-20 11:27:08,ORD000*******,1358.1,0.461,FILLED,2026-02-20 11:27:00,LIMIT,806,0.8058,482,B**,INFY.NS,2026-02-20 11:27:00,TRD****,13055.0,0.042,
NSE,274,0.6473,1358.49,0.4611,2026-02-20 11:28:27,ORD000*******,1358.9,0.4613,FILLED,2026-02-20 11:28:00,LIMIT,274,0.2733,483,SE**,INFY.NS,2026-02-20 11:28:00,TRD****,13038.0,0.0419,
NSE,86,0.8106,1358.45,0.4611,2026-02-20 11:29:53,ORD000*******,1358.4,0.4611,CANCELLED,2026-02-20 11:29:00,LIMIT,86,0.0851,484,B**,INFY.NS,2026-02-20 11:29:00,TRD****,9772.0,0.0314,
NSE,680,0.9409,1360.27,0.4618,2026-02-20 11:30:33,ORD000*******,1360.2,0.4619,FILLED,2026-02-20 11:30:00,STOP,680,0.6797,485,B**,INFY.NS,2026-02-20 11:30:00,TRD****,40700.0,0.131,
NSE,528,0.5271,1360.19,0.4618,2026-02-20 11:31:51,ORD000*******,1360.4,0.4619,CANCELLED,2026-02-20 11:31:00,LIMIT,698,0.6977,486,SE**,INFY.NS,2026-02-20 11:31:00,TRD****,16449.0,0.0529,
NSE,206,0.3597,1359.47,0.4615,2026-02-20 11:32:05,ORD000*******,1359.5,0.4616,FILLED,2026-02-20 11:32:00,STOP,206,0.2052,487,SE**,INFY.NS,2026-02-20 11:32:00,TRD****,32010.0,0.103,
NSE,727,0.8377,1360.34,0.4618,2026-02-20 11:33:04,ORD000*******,1360.2,0.4619,PARTIAL,2026-02-20 11:33:00,STOP,727,0.7267,488,SE**,INFY.NS,2026-02-20 11:33:00,TRD****,24020.0,0.0773,
NSE,393,0.8457,1360.21,0.4618,2026-02-20 11:34:44,ORD000*******,1360.5,0.462,CANCELLED,2026-02-20 11:34:00,LIMIT,393,0.3924,489,SE**,INFY.NS,2026-02-20 11:34:00,TRD****,12051.0,0.0388,
NSE,623,0.6222,1360.69,0.462,2026-02-20 11:35:34,ORD000*******,1360.3,0.4619,FILLED,2026-02-20 11:35:00,LIMIT,967,0.967,490,SE**,INFY.NS,2026-02-20 11:35:00,TRD****,5222.0,0.0168,
NSE,47,0.0451,1360.54,0.4619,2026-02-20 11:36:30,ORD000*******,1360.5,0.462,CANCELLED,2026-02-20 11:36:00,STOP,990,0.99,491,SE**,INFY.NS,2026-02-20 11:36:00,TRD****,10618.0,0.0342,
NSE,721,0.985,1361.29,0.4622,2026-02-20 11:37:08,ORD000*******,1360.9,0.4621,FILLED,2026-02-20 11:37:00,LIMIT,721,0.7207,492,B**,INFY.NS,2026-02-20 11:37:00,TRD****,8044.0,0.0259,
NSE,825,0.8457,1362.01,0.4625,2026-02-20 11:38:59,ORD000*******,1361.7,0.4625,FILLED,2026-02-20 11:38:00,LIMIT,825,0.8248,493,B**,INFY.NS,2026-02-20 11:38:00,TRD****,20680.0,0.0665,
NSE,132,0.8146,1362.17,0.4626,2026-02-20 11:39:53,ORD000*******,1361.8,0.4625,FILLED,2026-02-20 11:39:00,MARKET,132,0.1311,494,B**,INFY.NS,2026-02-20 11:39:00,TRD****,8840.0,0.0284,
NSE,135,0.501,1361.82,0.4624,2026-02-20 11:40:20,ORD000*******,1361.5,0.4624,CANCELLED,2026-02-20 11:40:00,MARKET,135,0.1341,495,SE**,INFY.NS,2026-02-20 11:40:00,TRD****,10028.0,0.0323,
NSE,246,0.2445,1359.79,0.4616,2026-02-20 11:41:16,ORD000*******,1360.2,0.4619,PARTIAL,2026-02-20 11:41:00,LIMIT,267,0.2663,496,B**,INFY.NS,2026-02-20 11:41:00,TRD****,67513.0,0.2172,
NSE,261,0.2595,1359.32,0.4614,2026-02-20 11:42:35,ORD000*******,1359.1,0.4614,CANCELLED,2026-02-20 11:42:00,STOP,400,0.3994,497,B**,INFY.NS,2026-02-20 11:42:00,TRD****,52452.0,0.1688,
NSE,258,0.2565,1358.8,0.4612,2026-02-20 11:43:41,ORD000*******,1358.7,0.4613,PARTIAL,2026-02-20 11:43:00,MARKET,309,0.3083,498,SE**,INFY.NS,2026-02-20 11:43:00,TRD****,5996.0,0.0193,
NSE,265,0.6132,1359.92,0.4617,2026-02-20 11:44:04,ORD000*******,1359.9,0.4617,FILLED,2026-02-20 11:44:00,MARKET,265,0.2643,499,B**,INFY.NS,2026-02-20 11:44:00,TRD****,8178.0,0.0263,
NSE,646,0.9178,1360.9,0.4621,2026-02-20 11:45:27,ORD000*******,1360.9,0.4621,FILLED,2026-02-20 11:45:00,MARKET,646,0.6456,500,B**,INFY.NS,2026-02-20 11:45:00,TRD****,10331.0,0.0332,
NSE,449,0.996,1360.88,0.4621,2026-02-20 11:46:07,ORD000*******,1360.9,0.4621,FILLED,2026-02-20 11:46:00,MARKET,449,0.4484,501,B**,INFY.NS,2026-02-20 11:46:00,TRD****,34778.0,0.1119,
NSE,96,0.0942,1359.76,0.4616,2026-02-20 11:47:35,ORD000*******,1359.5,0.4616,FILLED,2026-02-20 11:47:00,LIMIT,378,0.3774,502,SE**,INFY.NS,2026-02-20 11:47:00,TRD****,6813.0,0.0219,
NSE,625,0.6774,1358.16,0.461,2026-02-20 11:49:00,ORD000*******,1357.8,0.4609,FILLED,2026-02-20 11:48:00,MARKET,625,0.6246,503,SE**,INFY.NS,2026-02-20 11:48:00,TRD****,15523.0,0.0499,
NSE,220,0.2184,1357.88,0.4609,2026-02-20 11:49:35,ORD000*******,1358.0,0.461,FILLED,2026-02-20 11:49:00,MARKET,428,0.4274,504,SE**,INFY.NS,2026-02-20 11:49:00,TRD****,11694.0,0.0376,
NSE,357,0.4619,1357.58,0.4607,2026-02-20 11:50:05,ORD000*******,1357.2,0.4606,CANCELLED,2026-02-20 11:50:00,MARKET,357,0.3564,505,SE**,INFY.NS,2026-02-20 11:50:00,TRD****,7469.0,0.024,
NSE,134,0.1323,1357.32,0.4606,2026-02-20 11:51:13,ORD000*******,1357.0,0.4606,FILLED,2026-02-20 11:51:00,STOP,780,0.7798,506,SE**,INFY.NS,2026-02-20 11:51:00,TRD****,35918.0,0.1156,
NSE,284,0.3006,1356.43,0.4603,2026-02-20 11:52:19,ORD000*******,1356.9,0.4605,PARTIAL,2026-02-20 11:52:00,LIMIT,284,0.2833,507,SE**,INFY.NS,2026-02-20 11:52:00,TRD****,10619.0,0.0342,
NSE,227,0.6683,1356.58,0.4603,2026-02-20 11:53:23,ORD000*******,1356.7,0.4604,FILLED,2026-02-20 11:53:00,LIMIT,227,0.2262,508,B**,INFY.NS,2026-02-20 11:53:00,TRD****,14476.0,0.0466,
NSE,1,0.1353,1357.49,0.4607,2026-02-20 11:54:39,ORD000*******,1357.5,0.4608,FILLED,2026-02-20 11:54:00,STOP,1,0.0,509,B**,INFY.NS,2026-02-20 11:54:00,TRD****,50617.0,0.1629,
NSE,912,0.9118,1358.11,0.461,2026-02-20 11:55:37,ORD000*******,1358.1,0.461,CANCELLED,2026-02-20 11:55:00,MARKET,982,0.982,510,B**,INFY.NS,2026-02-20 11:55:00,TRD****,12376.0,0.0398,
NSE,238,0.2365,1358.57,0.4611,2026-02-20 11:56:20,ORD000*******,1358.3,0.4611,FILLED,2026-02-20 11:56:00,STOP,834,0.8338,511,B**,INFY.NS,2026-02-20 11:56:00,TRD****,12083.0,0.0389,
NSE,329,0.6192,1359.04,0.4613,2026-02-20 11:57:16,ORD000*******,1359.2,0.4615,FILLED,2026-02-20 11:57:00,MARKET,329,0.3283,512,B**,INFY.NS,2026-02-20 11:57:00,TRD****,15983.0,0.0514,
NSE,156,0.3928,1358.71,0.4612,2026-02-20 11:59:00,ORD000*******,1359.1,0.4614,FILLED,2026-02-20 11:58:00,LIMIT,156,0.1552,513,SE**,INFY.NS,2026-02-20 11:58:00,TRD****,6647.0,0.0214,
NSE,93,0.5721,1359.04,0.4613,2026-02-20 11:59:12,ORD000*******,1358.7,0.4613,FILLED,2026-02-20 11:59:00,LIMIT,93,0.0921,514,B**,INFY.NS,2026-02-20 11:59:00,TRD****,13596.0,0.0437,
NSE,726,0.9619,1358.6,0.4611,2026-02-20 12:00:12,ORD000*******,1358.2,0.4611,PARTIAL,2026-02-20 12:00:00,LIMIT,726,0.7257,515,SE**,INFY.NS,2026-02-20 12:00:00,TRD****,6392.0,0.0206,
NSE,403,0.4018,1357.27,0.4606,2026-02-20 12:01:18,ORD000*******,1357.3,0.4607,CANCELLED,2026-02-20 12:01:00,LIMIT,732,0.7317,516,SE**,INFY.NS,2026-02-20 12:01:00,TRD****,11260.0,0.0362,
NSE,879,0.9619,1356.88,0.4605,2026-02-20 12:02:32,ORD000*******,1357.0,0.4606,FILLED,2026-02-20 12:02:00,STOP,879,0.8789,517,SE**,INFY.NS,2026-02-20 12:02:00,TRD****,15449.0,0.0497,
NSE,345,0.3437,1356.55,0.4603,2026-02-20 12:03:43,ORD000*******,1356.4,0.4603,FILLED,2026-02-20 12:03:00,MARKET,529,0.5285,518,B**,INFY.NS,2026-02-20 12:03:00,TRD****,7798.0,0.0251,
NSE,454,0.8978,1355.24,0.4598,2026-02-20 12:04:10,ORD000*******,1355.7,0.46,CANCELLED,2026-02-20 12:04:00,MARKET,454,0.4535,519,B**,INFY.NS,2026-02-20 12:04:00,TRD****,14861.0,0.0478,
NSE,455,0.6042,1355.29,0.4598,2026-02-20 12:05:25,ORD000*******,1355.6,0.46,PARTIAL,2026-02-20 12:05:00,STOP,455,0.4545,520,B**,INFY.NS,2026-02-20 12:05:00,TRD****,8219.0,0.0264,
NSE,153,0.9589,1356.13,0.4602,2026-02-20 12:06:58,ORD000*******,1355.8,0.4601,FILLED,2026-02-20 12:06:00,LIMIT,153,0.1522,521,SE**,INFY.NS,2026-02-20 12:06:00,TRD****,24452.0,0.0787,
NSE,394,0.3928,1355.52,0.4599,2026-02-20 12:07:06,ORD000*******,1356.0,0.4602,FILLED,2026-02-20 12:07:00,MARKET,845,0.8448,522,B**,INFY.NS,2026-02-20 12:07:00,TRD****,8145.0,0.0262,
NSE,73,0.0711,1356.54,0.4603,2026-02-20 12:08:49,ORD000*******,1356.4,0.4603,FILLED,2026-02-20 12:08:00,MARKET,246,0.2452,523,B**,INFY.NS,2026-02-20 12:08:00,TRD****,7660.0,0.0246,
NSE,204,0.7164,1356.53,0.4603,2026-02-20 12:09:32,ORD000*******,1356.4,0.4603,FILLED,2026-02-20 12:08:56,STOP,204,0.2032,524,SE**,INFY.NS,2026-02-20 12:08:56,TRD****,0.0,0.0,
NSE,431,0.7255,915.0,0.2833,2026-02-20 09:15:42,ORD000*******,915.05,0.2833,FILLED,2026-02-20 09:15:00,STOP,431,0.4304,525,B**,HDFCBANK.NS,2026-02-20 09:15:00,TRD****,0.0,0.0,
NSE,328,0.3267,915.15,0.2833,2026-02-20 09:16:13,ORD000*******,914.9,0.2833,PARTIAL,2026-02-20 09:16:00,LIMIT,928,0.9279,526,B**,HDFCBANK.NS,2026-02-20 09:16:00,TRD****,127211.7927270113,1.0,
NSE,50,0.0481,913.92,0.2828,2026-02-20 09:17:56,ORD000*******,913.85,0.2828,FILLED,2026-02-20 09:17:00,MARKET,674,0.6737,527,B**,HDFCBANK.NS,2026-02-20 09:17:00,TRD****,127211.7927270113,0.7341,
NSE,758,0.9038,913.63,0.2827,2026-02-20 09:18:20,ORD000*******,913.85,0.2828,CANCELLED,2026-02-20 09:18:00,MARKET,758,0.7578,528,B**,HDFCBANK.NS,2026-02-20 09:18:00,TRD****,127211.7927270113,0.737,
NSE,262,0.99,914.73,0.2832,2026-02-20 09:19:52,ORD000*******,915.0,0.2833,PARTIAL,2026-02-20 09:19:00,MARKET,262,0.2613,529,SE**,HDFCBANK.NS,2026-02-20 09:19:00,TRD****,127211.7927270113,0.5744,
NSE,424,0.8447,915.76,0.2836,2026-02-20 09:20:22,ORD000*******,916.0,0.2837,CANCELLED,2026-02-20 09:20:00,STOP,424,0.4234,530,SE**,HDFCBANK.NS,2026-02-20 09:20:00,TRD****,78442.0,0.2524,
NSE,451,0.4499,915.52,0.2835,2026-02-20 09:21:11,ORD000*******,915.8,0.2836,FILLED,2026-02-20 09:21:00,MARKET,922,0.9219,531,B**,HDFCBANK.NS,2026-02-20 09:21:00,TRD****,81926.0,0.2636,
NSE,270,0.3687,915.69,0.2835,2026-02-20 09:22:14,ORD000*******,915.65,0.2836,CANCELLED,2026-02-20 09:22:00,MARKET,270,0.2693,532,B**,HDFCBANK.NS,2026-02-20 09:22:00,TRD****,62332.0,0.2006,
NSE,16,0.4679,915.11,0.2833,2026-02-20 09:23:33,ORD000*******,915.15,0.2834,FILLED,2026-02-20 09:23:00,STOP,16,0.015,533,SE**,HDFCBANK.NS,2026-02-20 09:23:00,TRD****,77411.0,0.2491,
NSE,216,0.2144,915.47,0.2835,2026-02-20 09:24:26,ORD000*******,915.35,0.2834,FILLED,2026-02-20 09:24:00,STOP,851,0.8509,534,B**,HDFCBANK.NS,2026-02-20 09:24:00,TRD****,36309.0,0.1168,
NSE,387,0.486,914.76,0.2832,2026-02-20 09:25:08,ORD000*******,914.3,0.283,FILLED,2026-02-20 09:25:00,LIMIT,387,0.3864,535,SE**,HDFCBANK.NS,2026-02-20 09:25:00,TRD****,35340.0,0.1137,
NSE,391,0.4689,914.71,0.2831,2026-02-20 09:26:48,ORD000*******,914.8,0.2832,FILLED,2026-02-20 09:26:00,LIMIT,391,0.3904,536,B**,HDFCBANK.NS,2026-02-20 09:26:00,TRD****,49062.0,0.1579,
NSE,123,0.4038,914.91,0.2832,2026-02-20 09:27:12,ORD000*******,914.7,0.2832,CANCELLED,2026-02-20 09:27:00,STOP,123,0.1221,537,SE**,HDFCBANK.NS,2026-02-20 09:27:00,TRD****,28382.0,0.0913,
NSE,245,0.2435,913.54,0.2827,2026-02-20 09:28:45,ORD000*******,913.95,0.2829,FILLED,2026-02-20 09:28:00,LIMIT,922,0.9219,538,SE**,HDFCBANK.NS,2026-02-20 09:28:00,TRD****,16029.0,0.0516,
NSE,722,0.7365,912.77,0.2824,2026-02-20 09:29:09,ORD000*******,912.3,0.2822,FILLED,2026-02-20 09:29:00,STOP,722,0.7217,539,SE**,HDFCBANK.NS,2026-02-20 09:29:00,TRD****,47271.0,0.1521,
NSE,585,0.5842,912.46,0.2822,2026-02-20 09:30:12,ORD000*******,912.9,0.2825,FILLED,2026-02-20 09:30:00,STOP,718,0.7177,540,B**,HDFCBANK.NS,2026-02-20 09:30:00,TRD****,26683.0,0.0859,
NSE,225,0.5671,913.58,0.2827,2026-02-20 09:31:22,ORD000*******,913.1,0.2825,CANCELLED,2026-02-20 09:31:00,MARKET,225,0.2242,541,B**,HDFCBANK.NS,2026-02-20 09:31:00,TRD****,21791.0,0.0701,
NSE,11,0.009,913.33,0.2826,2026-02-20 09:32:02,ORD000*******,913.25,0.2826,FILLED,2026-02-20 09:32:00,STOP,836,0.8358,542,SE**,HDFCBANK.NS,2026-02-20 09:32:00,TRD****,49228.0,0.1584,
NSE,234,0.2325,914.06,0.2829,2026-02-20 09:33:55,ORD000*******,913.9,0.2829,FILLED,2026-02-20 09:33:00,MARKET,970,0.97,543,SE**,HDFCBANK.NS,2026-02-20 09:33:00,TRD****,42868.0,0.1379,
NSE,225,0.2234,914.29,0.283,2026-02-20 09:34:41,ORD000*******,914.0,0.2829,PARTIAL,2026-02-20 09:34:00,LIMIT,643,0.6426,544,SE**,HDFCBANK.NS,2026-02-20 09:34:00,TRD****,56618.0,0.1822,
NSE,765,0.7886,913.82,0.2828,2026-02-20 09:35:57,ORD000*******,913.55,0.2827,FILLED,2026-02-20 09:35:00,STOP,765,0.7648,545,SE**,HDFCBANK.NS,2026-02-20 09:35:00,TRD****,40356.0,0.1298,
NSE,233,0.9158,914.03,0.2829,2026-02-20 09:36:48,ORD000*******,913.85,0.2828,FILLED,2026-02-20 09:36:00,STOP,233,0.2322,546,SE**,HDFCBANK.NS,2026-02-20 09:36:00,TRD****,18585.0,0.0598,
NSE,624,0.6232,913.28,0.2826,2026-02-20 09:37:37,ORD000*******,913.1,0.2825,FILLED,2026-02-20 09:37:00,MARKET,962,0.962,547,SE**,HDFCBANK.NS,2026-02-20 09:37:00,TRD****,31776.0,0.1022,
NSE,606,0.6733,913.14,0.2825,2026-02-20 09:38:55,ORD000*******,913.0,0.2825,FILLED,2026-02-20 09:38:00,MARKET,606,0.6056,548,SE**,HDFCBANK.NS,2026-02-20 09:38:00,TRD****,21806.0,0.0702,
NSE,604,0.6523,912.85,0.2824,2026-02-20 09:39:44,ORD000*******,912.75,0.2824,FILLED,2026-02-20 09:39:00,MARKET,604,0.6036,549,SE**,HDFCBANK.NS,2026-02-20 09:39:00,TRD****,17431.0,0.0561,
NSE,618,0.6172,912.24,0.2822,2026-02-20 09:40:38,ORD000*******,912.35,0.2822,PARTIAL,2026-02-20 09:40:00,STOP,790,0.7898,550,B**,HDFCBANK.NS,2026-02-20 09:40:00,TRD****,45527.0,0.1465,
NSE,385,0.3838,912.75,0.2824,2026-02-20 09:41:58,ORD000*******,912.35,0.2822,FILLED,2026-02-20 09:41:00,MARKET,730,0.7297,551,B**,HDFCBANK.NS,2026-02-20 09:41:00,TRD****,14981.0,0.0482,
NSE,461,0.6072,913.14,0.2825,2026-02-20 09:42:52,ORD000*******,912.9,0.2825,FILLED,2026-02-20 09:42:00,STOP,461,0.4605,552,SE**,HDFCBANK.NS,2026-02-20 09:42:00,TRD****,57195.0,0.184,
NSE,165,0.508,913.39,0.2826,2026-02-20 09:43:26,ORD000*******,913.4,0.2827,FILLED,2026-02-20 09:43:00,LIMIT,165,0.1642,553,B**,HDFCBANK.NS,2026-02-20 09:43:00,TRD****,25254.0,0.0813,
NSE,347,0.3457,913.03,0.2825,2026-02-20 09:44:34,ORD000*******,913.25,0.2826,PARTIAL,2026-02-20 09:44:00,MARKET,968,0.968,554,SE**,HDFCBANK.NS,2026-02-20 09:44:00,TRD****,38756.0,0.1247,
NSE,433,0.7405,912.93,0.2824,2026-02-20 09:45:38,ORD000*******,913.2,0.2826,PARTIAL,2026-02-20 09:45:00,MARKET,433,0.4324,555,B**,HDFCBANK.NS,2026-02-20 09:45:00,TRD****,20927.0,0.0673,
NSE,221,0.3778,912.83,0.2824,2026-02-20 09:46:46,ORD000*******,913.2,0.2826,PARTIAL,2026-02-20 09:46:00,STOP,221,0.2202,556,B**,HDFCBANK.NS,2026-02-20 09:46:00,TRD****,22489.0,0.0724,
NSE,19,0.6703,912.95,0.2824,2026-02-20 09:47:04,ORD000*******,913.3,0.2826,FILLED,2026-02-20 09:47:00,LIMIT,19,0.018,557,B**,HDFCBANK.NS,2026-02-20 09:47:00,TRD****,12433.0,0.04,
NSE,261,0.2595,913.31,0.2826,2026-02-20 09:48:35,ORD000*******,913.7,0.2828,FILLED,2026-02-20 09:48:00,STOP,644,0.6436,558,B**,HDFCBANK.NS,2026-02-20 09:48:00,TRD****,43955.0,0.1414,
NSE,343,0.3417,914.49,0.2831,2026-02-20 09:49:25,ORD000*******,914.0,0.2829,FILLED,2026-02-20 09:49:00,MARKET,698,0.6977,559,SE**,HDFCBANK.NS,2026-02-20 09:49:00,TRD****,20566.0,0.0662,
NSE,398,0.3968,914.57,0.2831,2026-02-20 09:50:25,ORD000*******,914.5,0.2831,FILLED,2026-02-20 09:50:00,MARKET,971,0.971,560,SE**,HDFCBANK.NS,2026-02-20 09:50:00,TRD****,87354.0,0.2811,
NSE,105,0.1894,914.85,0.2832,2026-02-20 09:51:04,ORD000*******,914.75,0.2832,FILLED,2026-02-20 09:51:00,MARKET,105,0.1041,561,SE**,HDFCBANK.NS,2026-02-20 09:51:00,TRD****,35823.0,0.1153,
NSE,59,0.0571,914.69,0.2831,2026-02-20 09:52:34,ORD000*******,914.2,0.283,PARTIAL,2026-02-20 09:52:00,STOP,284,0.2833,562,SE**,HDFCBANK.NS,2026-02-20 09:52:00,TRD****,38161.0,0.1228,
NSE,727,0.7265,914.46,0.283,2026-02-20 09:53:13,ORD000*******,914.3,0.283,FILLED,2026-02-20 09:53:00,STOP,907,0.9069,563,SE**,HDFCBANK.NS,2026-02-20 09:53:00,TRD****,17044.0,0.0548,
NSE,232,0.2305,914.67,0.2831,2026-02-20 09:54:09,ORD000*******,914.5,0.2831,FILLED,2026-02-20 09:54:00,LIMIT,912,0.9119,564,SE**,HDFCBANK.NS,2026-02-20 09:54:00,TRD****,43687.0,0.1406,
NSE,294,0.9168,914.44,0.283,2026-02-20 09:55:50,ORD000*******,914.7,0.2832,CANCELLED,2026-02-20 09:55:00,MARKET,294,0.2933,565,SE**,HDFCBANK.NS,2026-02-20 09:55:00,TRD****,26169.0,0.0842,
NSE,646,0.9078,915.6,0.2835,2026-02-20 09:56:49,ORD000*******,915.1,0.2833,PARTIAL,2026-02-20 09:56:00,LIMIT,646,0.6456,566,SE**,HDFCBANK.NS,2026-02-20 09:56:00,TRD****,45742.0,0.1472,
NSE,449,0.9449,914.86,0.2832,2026-02-20 09:57:38,ORD000*******,915.35,0.2834,FILLED,2026-02-20 09:57:00,STOP,449,0.4484,567,SE**,HDFCBANK.NS,2026-02-20 09:57:00,TRD****,20217.0,0.065,
NSE,187,0.9709,915.65,0.2835,2026-02-20 09:58:31,ORD000*******,915.45,0.2835,PARTIAL,2026-02-20 09:58:00,STOP,187,0.1862,568,B**,HDFCBANK.NS,2026-02-20 09:58:00,TRD****,42136.0,0.1356,
NSE,20,0.0271,915.26,0.2834,2026-02-20 09:59:23,ORD000*******,915.4,0.2835,PARTIAL,2026-02-20 09:59:00,MARKET,20,0.019,569,B**,HDFCBANK.NS,2026-02-20 09:59:00,TRD****,44525.0,0.1433,
NSE,73,0.8026,915.61,0.2835,2026-02-20 10:00:29,ORD000*******,915.15,0.2834,FILLED,2026-02-20 10:00:00,STOP,73,0.0721,570,SE**,HDFCBANK.NS,2026-02-20 10:00:00,TRD****,16503.0,0.0531,
NSE,39,0.0371,915.67,0.2835,2026-02-20 10:01:10,ORD000*******,915.35,0.2834,FILLED,2026-02-20 10:01:00,STOP,656,0.6557,571,SE**,HDFCBANK.NS,2026-02-20 10:01:00,TRD****,29371.0,0.0945,
NSE,611,0.6102,916.01,0.2837,2026-02-20 10:02:27,ORD000*******,915.65,0.2836,CANCELLED,2026-02-20 10:02:00,MARKET,740,0.7397,572,SE**,HDFCBANK.NS,2026-02-20 10:02:00,TRD****,28247.0,0.0909,
NSE,153,0.1513,915.2,0.2833,2026-02-20 10:03:42,ORD000*******,914.8,0.2832,CANCELLED,2026-02-20 10:03:00,MARKET,724,0.7237,573,SE**,HDFCBANK.NS,2026-02-20 10:03:00,TRD****,61852.0,0.199,
NSE,443,0.4419,914.76,0.2832,2026-02-20 10:04:25,ORD000*******,915.0,0.2833,FILLED,2026-02-20 10:04:00,STOP,885,0.8849,574,B**,HDFCBANK.NS,2026-02-20 10:04:00,TRD****,35997.0,0.1158,
NSE,667,0.8026,915.85,0.2836,2026-02-20 10:05:41,ORD000*******,915.5,0.2835,PARTIAL,2026-02-20 10:05:00,LIMIT,667,0.6667,575,B**,HDFCBANK.NS,2026-02-20 10:05:00,TRD****,35434.0,0.114,
NSE,326,0.5491,916.09,0.2837,2026-02-20 10:06:05,ORD000*******,915.75,0.2836,FILLED,2026-02-20 10:06:00,MARKET,326,0.3253,576,B**,HDFCBANK.NS,2026-02-20 10:06:00,TRD****,27057.0,0.0871,
NSE,148,0.5361,915.2,0.2833,2026-02-20 10:07:41,ORD000*******,915.4,0.2835,PARTIAL,2026-02-20 10:07:00,MARKET,148,0.1471,577,B**,HDFCBANK.NS,2026-02-20 10:07:00,TRD****,12954.0,0.0417,
NSE,21,0.1383,914.49,0.2831,2026-02-20 10:08:39,ORD000*******,914.45,0.2831,PARTIAL,2026-02-20 10:08:00,MARKET,21,0.02,578,B**,HDFCBANK.NS,2026-02-20 10:08:00,TRD****,18071.0,0.0581,
NSE,590,0.8116,913.57,0.2827,2026-02-20 10:09:22,ORD000*******,914.0,0.2829,FILLED,2026-02-20 10:09:00,LIMIT,590,0.5896,579,B**,HDFCBANK.NS,2026-02-20 10:09:00,TRD****,17711.0,0.057,
NSE,356,0.3547,914.03,0.2829,2026-02-20 10:10:07,ORD000*******,914.4,0.2831,FILLED,2026-02-20 10:10:00,LIMIT,920,0.9199,580,B**,HDFCBANK.NS,2026-02-20 10:10:00,TRD****,27911.0,0.0898,
NSE,24,0.022,914.95,0.2832,2026-02-20 10:11:49,ORD000*******,914.8,0.2832,CANCELLED,2026-02-20 10:11:00,STOP,36,0.035,581,B**,HDFCBANK.NS,2026-02-20 10:11:00,TRD****,25024.0,0.0805,
NSE,58,0.0561,914.94,0.2832,2026-02-20 10:12:59,ORD000*******,914.5,0.2831,FILLED,2026-02-20 10:12:00,MARKET,456,0.4555,582,SE**,HDFCBANK.NS,2026-02-20 10:12:00,TRD****,16554.0,0.0533,
NSE,422,0.4208,914.44,0.283,2026-02-20 10:13:39,ORD000*******,914.2,0.283,CANCELLED,2026-02-20 10:13:00,MARKET,757,0.7568,583,B**,HDFCBANK.NS,2026-02-20 10:13:00,TRD****,8315.0,0.0268,
NSE,463,0.999,914.56,0.2831,2026-02-20 10:14:46,ORD000*******,914.1,0.2829,PARTIAL,2026-02-20 10:14:00,STOP,463,0.4625,584,B**,HDFCBANK.NS,2026-02-20 10:14:00,TRD****,9015.0,0.029,
NSE,400,0.3988,914.59,0.2831,2026-02-20 10:16:00,ORD000*******,914.9,0.2833,CANCELLED,2026-02-20 10:15:00,STOP,903,0.9029,585,SE**,HDFCBANK.NS,2026-02-20 10:15:00,TRD****,38470.0,0.1238,
NSE,449,0.4479,915.83,0.2836,2026-02-20 10:16:15,ORD000*******,915.5,0.2835,CANCELLED,2026-02-20 10:16:00,LIMIT,840,0.8398,586,SE**,HDFCBANK.NS,2026-02-20 10:16:00,TRD****,85815.0,0.2761,
NSE,40,0.5341,915.67,0.2835,2026-02-20 10:17:40,ORD000*******,915.45,0.2835,FILLED,2026-02-20 10:17:00,LIMIT,40,0.039,587,SE**,HDFCBANK.NS,2026-02-20 10:17:00,TRD****,70806.0,0.2278,
NSE,274,0.2725,916.6,0.2839,2026-02-20 10:18:08,ORD000*******,916.15,0.2838,CANCELLED,2026-02-20 10:18:00,STOP,540,0.5395,588,SE**,HDFCBANK.NS,2026-02-20 10:18:00,TRD****,47461.0,0.1527,
NSE,70,0.0681,916.42,0.2838,2026-02-20 10:19:19,ORD000*******,916.15,0.2838,FILLED,2026-02-20 10:19:00,MARKET,799,0.7988,589,B**,HDFCBANK.NS,2026-02-20 10:19:00,TRD****,18189.0,0.0585,
NSE,177,0.1754,916.79,0.284,2026-02-20 10:20:45,ORD000*******,916.35,0.2838,FILLED,2026-02-20 10:20:00,STOP,908,0.9079,590,B**,HDFCBANK.NS,2026-02-20 10:20:00,TRD****,29390.0,0.0946,
NSE,715,0.7144,915.42,0.2834,2026-02-20 10:21:11,ORD000*******,915.9,0.2837,FILLED,2026-02-20 10:21:00,MARKET,765,0.7648,591,B**,HDFCBANK.NS,2026-02-20 10:21:00,TRD****,47735.0,0.1536,
NSE,134,0.518,915.65,0.2835,2026-02-20 10:22:02,ORD000*******,916.05,0.2837,FILLED,2026-02-20 10:22:00,LIMIT,134,0.1331,592,SE**,HDFCBANK.NS,2026-02-20 10:22:00,TRD****,38413.0,0.1236,
NSE,68,0.0661,916.54,0.2839,2026-02-20 10:23:23,ORD000*******,916.05,0.2837,CANCELLED,2026-02-20 10:23:00,LIMIT,225,0.2242,593,B**,HDFCBANK.NS,2026-02-20 10:23:00,TRD****,22439.0,0.0722,
NSE,684,0.6834,916.6,0.2839,2026-02-20 10:24:37,ORD000*******,916.1,0.2837,CANCELLED,2026-02-20 10:24:00,STOP,961,0.961,594,SE**,HDFCBANK.NS,2026-02-20 10:24:00,TRD****,14497.0,0.0466,
NSE,184,0.1824,915.98,0.2837,2026-02-20 10:25:45,ORD000*******,916.35,0.2838,FILLED,2026-02-20 10:25:00,STOP,412,0.4114,595,SE**,HDFCBANK.NS,2026-02-20 10:25:00,TRD****,12104.0,0.0389,
NSE,649,0.8166,917.24,0.2842,2026-02-20 10:26:24,ORD000*******,916.95,0.2841,FILLED,2026-02-20 10:26:00,LIMIT,649,0.6486,596,SE**,HDFCBANK.NS,2026-02-20 10:26:00,TRD****,47092.0,0.1515,
NSE,316,0.3146,916.71,0.2839,2026-02-20 10:27:29,ORD000*******,916.65,0.284,PARTIAL,2026-02-20 10:27:00,LIMIT,673,0.6727,597,B**,HDFCBANK.NS,2026-02-20 10:27:00,TRD****,34193.0,0.11,
NSE,826,0.8687,915.87,0.2836,2026-02-20 10:28:24,ORD000*******,916.05,0.2837,FILLED,2026-02-20 10:28:00,STOP,826,0.8258,598,SE**,HDFCBANK.NS,2026-02-20 10:28:00,TRD****,16760.0,0.0539,
NSE,261,0.2595,915.79,0.2836,2026-02-20 10:29:40,ORD000*******,916.25,0.2838,FILLED,2026-02-20 10:29:00,LIMIT,535,0.5345,599,B**,HDFCBANK.NS,2026-02-20 10:29:00,TRD****,12944.0,0.0416,
NSE,439,0.5391,917.53,0.2843,2026-02-20 10:30:01,ORD000*******,917.05,0.2841,FILLED,2026-02-20 10:30:00,STOP,439,0.4384,600,SE**,HDFCBANK.NS,2026-02-20 10:30:00,TRD****,53668.0,0.1727,
NSE,732,0.7315,917.6,0.2843,2026-02-20 10:31:11,ORD000*******,917.3,0.2842,FILLED,2026-02-20 10:31:00,LIMIT,941,0.9409,601,B**,HDFCBANK.NS,2026-02-20 10:31:00,TRD****,19487.0,0.0627,
NSE,280,0.2786,917.13,0.2841,2026-02-20 10:32:06,ORD000*******,917.25,0.2842,FILLED,2026-02-20 10:32:00,STOP,748,0.7477,602,B**,HDFCBANK.NS,2026-02-20 10:32:00,TRD****,11143.0,0.0359,
NSE,183,0.1814,917.76,0.2844,2026-02-20 10:33:30,ORD000*******,917.4,0.2843,FILLED,2026-02-20 10:33:00,LIMIT,688,0.6877,603,B**,HDFCBANK.NS,2026-02-20 10:33:00,TRD****,19148.0,0.0616,
NSE,227,0.2255,916.59,0.2839,2026-02-20 10:34:47,ORD000*******,916.9,0.2841,FILLED,2026-02-20 10:34:00,LIMIT,747,0.7467,604,B**,HDFCBANK.NS,2026-02-20 10:34:00,TRD****,11123.0,0.0358,
NSE,547,0.8337,917.55,0.2843,2026-02-20 10:35:06,ORD000*******,917.2,0.2842,PARTIAL,2026-02-20 10:35:00,STOP,547,0.5465,605,SE**,HDFCBANK.NS,2026-02-20 10:35:00,TRD****,17801.0,0.0573,
NSE,67,0.7124,917.66,0.2843,2026-02-20 10:36:16,ORD000*******,917.35,0.2842,FILLED,2026-02-20 10:36:00,LIMIT,67,0.0661,606,SE**,HDFCBANK.NS,2026-02-20 10:36:00,TRD****,44978.0,0.1447,
NSE,390,0.3888,916.4,0.2838,2026-02-20 10:37:30,ORD000*******,916.7,0.284,CANCELLED,2026-02-20 10:37:00,STOP,677,0.6767,607,B**,HDFCBANK.NS,2026-02-20 10:37:00,TRD****,11992.0,0.0386,
NSE,665,0.6643,916.34,0.2838,2026-02-20 10:38:20,ORD000*******,916.3,0.2838,FILLED,2026-02-20 10:38:00,MARKET,723,0.7227,608,B**,HDFCBANK.NS,2026-02-20 10:38:00,TRD****,34301.0,0.1104,
NSE,72,0.0701,916.64,0.2839,2026-02-20 10:39:04,ORD000*******,917.0,0.2841,CANCELLED,2026-02-20 10:39:00,LIMIT,828,0.8278,609,B**,HDFCBANK.NS,2026-02-20 10:39:00,TRD****,24345.0,0.0783,
NSE,466,0.4649,916.99,0.2841,2026-02-20 10:40:58,ORD000*******,917.45,0.2843,FILLED,2026-02-20 10:40:00,STOP,839,0.8388,610,SE**,HDFCBANK.NS,2026-02-20 10:40:00,TRD****,25098.0,0.0808,
NSE,155,0.1533,917.69,0.2843,2026-02-20 10:41:04,ORD000*******,917.65,0.2844,CANCELLED,2026-02-20 10:41:00,LIMIT,247,0.2462,611,SE**,HDFCBANK.NS,2026-02-20 10:41:00,TRD****,27123.0,0.0873,
NSE,27,0.9018,917.75,0.2844,2026-02-20 10:42:41,ORD000*******,917.5,0.2843,FILLED,2026-02-20 10:42:00,MARKET,27,0.026,612,SE**,HDFCBANK.NS,2026-02-20 10:42:00,TRD****,15726.0,0.0506,
NSE,549,0.5481,917.28,0.2842,2026-02-20 10:43:59,ORD000*******,917.55,0.2843,FILLED,2026-02-20 10:43:00,STOP,707,0.7067,613,SE**,HDFCBANK.NS,2026-02-20 10:43:00,TRD****,13428.0,0.0432,
NSE,110,0.5942,917.05,0.2841,2026-02-20 10:44:07,ORD000*******,917.3,0.2842,CANCELLED,2026-02-20 10:44:00,STOP,110,0.1091,614,B**,HDFCBANK.NS,2026-02-20 10:44:00,TRD****,75006.0,0.2413,
NSE,76,0.0741,917.56,0.2843,2026-02-20 10:45:40,ORD000*******,917.4,0.2843,CANCELLED,2026-02-20 10:45:00,STOP,791,0.7908,615,SE**,HDFCBANK.NS,2026-02-20 10:45:00,TRD****,62452.0,0.2009,
NSE,508,0.7655,916.98,0.2841,2026-02-20 10:46:44,ORD000*******,917.25,0.2842,FILLED,2026-02-20 10:46:00,LIMIT,508,0.5075,616,B**,HDFCBANK.NS,2026-02-20 10:46:00,TRD****,63111.0,0.2031,
NSE,210,0.2585,916.67,0.2839,2026-02-20 10:47:09,ORD000*******,916.5,0.2839,CANCELLED,2026-02-20 10:47:00,STOP,210,0.2092,617,B**,HDFCBANK.NS,2026-02-20 10:47:00,TRD****,30990.0,0.0997,
NSE,34,0.0321,916.5,0.2839,2026-02-20 10:48:36,ORD000*******,916.75,0.284,FILLED,2026-02-20 10:48:00,MARKET,855,0.8549,618,SE**,HDFCBANK.NS,2026-02-20 10:48:00,TRD****,15527.0,0.05,
NSE,96,0.9509,916.58,0.2839,2026-02-20 10:49:25,ORD000*******,916.65,0.284,FILLED,2026-02-20 10:49:00,MARKET,96,0.0951,619,SE**,HDFCBANK.NS,2026-02-20 10:49:00,TRD****,8450.0,0.0272,
NSE,284,0.2826,916.53,0.2839,2026-02-20 10:50:33,ORD000*******,916.3,0.2838,FILLED,2026-02-20 10:50:00,LIMIT,837,0.8368,620,SE**,HDFCBANK.NS,2026-02-20 10:50:00,TRD****,9047.0,0.0291,
NSE,170,0.1683,916.41,0.2838,2026-02-20 10:51:11,ORD000*******,916.35,0.2838,FILLED,2026-02-20 10:51:00,MARKET,509,0.5085,621,SE**,HDFCBANK.NS,2026-02-20 10:51:00,TRD****,7698.0,0.0248,
NSE,694,0.8517,915.95,0.2836,2026-02-20 10:52:03,ORD000*******,916.4,0.2839,FILLED,2026-02-20 10:52:00,MARKET,694,0.6937,622,SE**,HDFCBANK.NS,2026-02-20 10:52:00,TRD****,25096.0,0.0807,
NSE,241,0.2395,916.08,0.2837,2026-02-20 10:53:47,ORD000*******,915.95,0.2837,PARTIAL,2026-02-20 10:53:00,LIMIT,866,0.8659,623,SE**,HDFCBANK.NS,2026-02-20 10:53:00,TRD****,18864.0,0.0607,
NSE,227,0.2255,915.58,0.2835,2026-02-20 10:54:53,ORD000*******,916.0,0.2837,FILLED,2026-02-20 10:54:00,MARKET,535,0.5345,624,B**,HDFCBANK.NS,2026-02-20 10:54:00,TRD****,55002.0,0.177,
NSE,268,0.2665,916.35,0.2838,2026-02-20 10:55:01,ORD000*******,915.9,0.2837,FILLED,2026-02-20 10:55:00,LIMIT,949,0.9489,625,SE**,HDFCBANK.NS,2026-02-20 10:55:00,TRD****,49532.0,0.1594,
NSE,140,0.3587,916.47,0.2839,2026-02-20 10:56:44,ORD000*******,916.05,0.2837,CANCELLED,2026-02-20 10:56:00,LIMIT,140,0.1391,626,B**,HDFCBANK.NS,2026-02-20 10:56:00,TRD****,16511.0,0.0531,
NSE,42,1.0,915.85,0.2836,2026-02-20 10:57:07,ORD000*******,915.95,0.2837,PARTIAL,2026-02-20 10:57:00,MARKET,42,0.041,627,SE**,HDFCBANK.NS,2026-02-20 10:57:00,TRD****,16052.0,0.0516,
NSE,440,0.6413,916.08,0.2837,2026-02-20 10:58:12,ORD000*******,915.6,0.2835,FILLED,2026-02-20 10:58:00,MARKET,440,0.4394,628,SE**,HDFCBANK.NS,2026-02-20 10:58:00,TRD****,9752.0,0.0314,
NSE,396,0.9058,915.59,0.2835,2026-02-20 10:59:39,ORD000*******,916.0,0.2837,FILLED,2026-02-20 10:59:00,STOP,396,0.3954,629,SE**,HDFCBANK.NS,2026-02-20 10:59:00,TRD****,32529.0,0.1047,
NSE,45,0.0431,916.1,0.2837,2026-02-20 11:00:40,ORD000*******,915.95,0.2837,FILLED,2026-02-20 11:00:00,MARKET,545,0.5445,630,B**,HDFCBANK.NS,2026-02-20 11:00:00,TRD****,13557.0,0.0436,
NSE,46,0.2355,915.45,0.2834,2026-02-20 11:01:47,ORD000*******,915.6,0.2835,CANCELLED,2026-02-20 11:01:00,STOP,46,0.045,631,SE**,HDFCBANK.NS,2026-02-20 11:01:00,TRD****,41822.0,0.1346,
NSE,50,0.4248,915.13,0.2833,2026-02-20 11:02:44,ORD000*******,915.25,0.2834,CANCELLED,2026-02-20 11:02:00,STOP,50,0.049,632,SE**,HDFCBANK.NS,2026-02-20 11:02:00,TRD****,45402.0,0.1461,
NSE,655,0.6543,915.65,0.2835,2026-02-20 11:03:54,ORD000*******,915.55,0.2835,CANCELLED,2026-02-20 11:03:00,LIMIT,795,0.7948,633,B**,HDFCBANK.NS,2026-02-20 11:03:00,TRD****,27645.0,0.0889,
NSE,102,0.1002,916.19,0.2837,2026-02-20 11:04:16,ORD000*******,915.75,0.2836,CANCELLED,2026-02-20 11:04:00,LIMIT,300,0.2993,634,B**,HDFCBANK.NS,2026-02-20 11:04:00,TRD****,27991.0,0.0901,
NSE,736,0.7355,915.63,0.2835,2026-02-20 11:05:45,ORD000*******,915.9,0.2837,FILLED,2026-02-20 11:05:00,MARKET,738,0.7377,635,SE**,HDFCBANK.NS,2026-02-20 11:05:00,TRD****,16899.0,0.0544,
NSE,84,0.8918,915.6,0.2835,2026-02-20 11:06:48,ORD000*******,915.35,0.2834,FILLED,2026-02-20 11:06:00,MARKET,84,0.0831,636,B**,HDFCBANK.NS,2026-02-20 11:06:00,TRD****,13838.0,0.0445,
NSE,938,0.995,915.5,0.2835,2026-02-20 11:07:06,ORD000*******,915.35,0.2834,CANCELLED,2026-02-20 11:07:00,LIMIT,938,0.9379,637,B**,HDFCBANK.NS,2026-02-20 11:07:00,TRD****,19349.0,0.0623,
NSE,92,0.5671,914.88,0.2832,2026-02-20 11:08:54,ORD000*******,915.0,0.2833,FILLED,2026-02-20 11:08:00,MARKET,92,0.0911,638,B**,HDFCBANK.NS,2026-02-20 11:08:00,TRD****,26243.0,0.0844,
NSE,107,0.8597,914.64,0.2831,2026-02-20 11:09:41,ORD000*******,914.9,0.2833,CANCELLED,2026-02-20 11:09:00,MARKET,107,0.1061,639,B**,HDFCBANK.NS,2026-02-20 11:09:00,TRD****,51509.0,0.1657,
NSE,449,0.6663,914.51,0.2831,2026-02-20 11:10:56,ORD000*******,915.0,0.2833,FILLED,2026-02-20 11:10:00,STOP,449,0.4484,640,B**,HDFCBANK.NS,2026-02-20 11:10:00,TRD****,10593.0,0.0341,
NSE,608,0.6072,914.98,0.2833,2026-02-20 11:11:47,ORD000*******,915.0,0.2833,CANCELLED,2026-02-20 11:11:00,STOP,806,0.8058,641,B**,HDFCBANK.NS,2026-02-20 11:11:00,TRD****,73123.0,0.2353,
NSE,724,0.7234,914.56,0.2831,2026-02-20 11:12:31,ORD000*******,915.05,0.2833,FILLED,2026-02-20 11:12:00,STOP,968,0.968,642,B**,HDFCBANK.NS,2026-02-20 11:12:00,TRD****,57635.0,0.1854,
NSE,349,0.9008,914.44,0.283,2026-02-20 11:13:26,ORD000*******,914.3,0.283,FILLED,2026-02-20 11:13:00,LIMIT,349,0.3483,643,SE**,HDFCBANK.NS,2026-02-20 11:13:00,TRD****,32958.0,0.106,
NSE,727,0.9469,914.61,0.2831,2026-02-20 11:14:24,ORD000*******,914.45,0.2831,CANCELLED,2026-02-20 11:14:00,STOP,727,0.7267,644,B**,HDFCBANK.NS,2026-02-20 11:14:00,TRD****,9608.0,0.0309,
NSE,84,0.4309,915.04,0.2833,2026-02-20 11:15:43,ORD000*******,915.0,0.2833,CANCELLED,2026-02-20 11:15:00,STOP,84,0.0831,645,B**,HDFCBANK.NS,2026-02-20 11:15:00,TRD****,79763.0,0.2566,
NSE,1,0.0812,914.71,0.2831,2026-02-20 11:16:39,ORD000*******,914.8,0.2832,CANCELLED,2026-02-20 11:16:00,LIMIT,1,0.0,646,B**,HDFCBANK.NS,2026-02-20 11:16:00,TRD****,9828.0,0.0316,
NSE,402,0.4188,914.74,0.2832,2026-02-20 11:17:38,ORD000*******,914.5,0.2831,FILLED,2026-02-20 11:17:00,MARKET,402,0.4014,647,B**,HDFCBANK.NS,2026-02-20 11:17:00,TRD****,13590.0,0.0437,
NSE,57,0.0551,915.27,0.2834,2026-02-20 11:18:03,ORD000*******,914.8,0.2832,FILLED,2026-02-20 11:18:00,MARKET,117,0.1161,648,B**,HDFCBANK.NS,2026-02-20 11:18:00,TRD****,10696.0,0.0344,
NSE,214,0.2124,915.32,0.2834,2026-02-20 11:19:41,ORD000*******,914.95,0.2833,CANCELLED,2026-02-20 11:19:00,STOP,644,0.6436,649,SE**,HDFCBANK.NS,2026-02-20 11:19:00,TRD****,23748.0,0.0764,
NSE,487,0.486,914.38,0.283,2026-02-20 11:20:58,ORD000*******,914.7,0.2832,FILLED,2026-02-20 11:20:00,MARKET,979,0.979,650,B**,HDFCBANK.NS,2026-02-20 11:20:00,TRD****,71364.0,0.2296,
NSE,556,0.5551,914.78,0.2832,2026-02-20 11:21:42,ORD000*******,914.5,0.2831,PARTIAL,2026-02-20 11:21:00,STOP,773,0.7728,651,B**,HDFCBANK.NS,2026-02-20 11:21:00,TRD****,16486.0,0.053,
NSE,668,0.9739,914.26,0.283,2026-02-20 11:22:28,ORD000*******,913.8,0.2828,FILLED,2026-02-20 11:22:00,MARKET,668,0.6677,652,B**,HDFCBANK.NS,2026-02-20 11:22:00,TRD****,45995.0,0.148,
NSE,853,0.8527,913.8,0.2828,2026-02-20 11:23:31,ORD000*******,913.4,0.2827,FILLED,2026-02-20 11:23:00,LIMIT,918,0.9179,653,B**,HDFCBANK.NS,2026-02-20 11:23:00,TRD****,10102.0,0.0325,
NSE,851,0.8507,913.49,0.2827,2026-02-20 11:24:27,ORD000*******,913.2,0.2826,PARTIAL,2026-02-20 11:24:00,MARKET,929,0.9289,654,SE**,HDFCBANK.NS,2026-02-20 11:24:00,TRD****,28044.0,0.0902,
NSE,175,0.1884,913.25,0.2826,2026-02-20 11:25:10,ORD000*******,913.75,0.2828,FILLED,2026-02-20 11:25:00,MARKET,175,0.1742,655,B**,HDFCBANK.NS,2026-02-20 11:25:00,TRD****,54701.0,0.176,
NSE,114,0.5441,913.91,0.2828,2026-02-20 11:26:41,ORD000*******,913.85,0.2828,FILLED,2026-02-20 11:26:00,STOP,114,0.1131,656,B**,HDFCBANK.NS,2026-02-20 11:26:00,TRD****,85423.0,0.2748,
NSE,436,0.7124,913.46,0.2826,2026-02-20 11:27:37,ORD000*******,913.5,0.2827,FILLED,2026-02-20 11:27:00,MARKET,436,0.4354,657,SE**,HDFCBANK.NS,2026-02-20 11:27:00,TRD****,12299.0,0.0396,
NSE,173,0.1713,914.95,0.2832,2026-02-20 11:28:05,ORD000*******,914.6,0.2831,FILLED,2026-02-20 11:28:00,STOP,175,0.1742,658,B**,HDFCBANK.NS,2026-02-20 11:28:00,TRD****,23188.0,0.0746,
NSE,5,0.7525,914.1,0.2829,2026-02-20 11:29:11,ORD000*******,914.3,0.283,PARTIAL,2026-02-20 11:29:00,MARKET,5,0.004,659,SE**,HDFCBANK.NS,2026-02-20 11:29:00,TRD****,26431.0,0.085,
NSE,593,0.6994,914.36,0.283,2026-02-20 11:30:30,ORD000*******,914.5,0.2831,CANCELLED,2026-02-20 11:30:00,MARKET,593,0.5926,660,SE**,HDFCBANK.NS,2026-02-20 11:30:00,TRD****,9992.0,0.0321,
NSE,102,0.1643,914.66,0.2831,2026-02-20 11:31:39,ORD000*******,914.8,0.2832,PARTIAL,2026-02-20 11:31:00,STOP,102,0.1011,661,SE**,HDFCBANK.NS,2026-02-20 11:31:00,TRD****,31332.0,0.1008,
NSE,44,0.7896,914.34,0.283,2026-02-20 11:32:45,ORD000*******,914.5,0.2831,PARTIAL,2026-02-20 11:32:00,MARKET,44,0.043,662,SE**,HDFCBANK.NS,2026-02-20 11:32:00,TRD****,44499.0,0.1432,
NSE,461,0.7275,913.96,0.2828,2026-02-20 11:33:11,ORD000*******,914.35,0.283,FILLED,2026-02-20 11:33:00,STOP,461,0.4605,663,B**,HDFCBANK.NS,2026-02-20 11:33:00,TRD****,9318.0,0.03,
NSE,417,0.4158,914.12,0.2829,2026-02-20 11:34:10,ORD000*******,914.5,0.2831,CANCELLED,2026-02-20 11:34:00,STOP,567,0.5666,664,B**,HDFCBANK.NS,2026-02-20 11:34:00,TRD****,8207.0,0.0264,
NSE,434,0.4329,914.61,0.2831,2026-02-20 11:35:24,ORD000*******,914.5,0.2831,PARTIAL,2026-02-20 11:35:00,MARKET,598,0.5976,665,SE**,HDFCBANK.NS,2026-02-20 11:35:00,TRD****,7973.0,0.0257,
NSE,72,0.516,915.24,0.2834,2026-02-20 11:36:32,ORD000*******,914.95,0.2833,FILLED,2026-02-20 11:36:00,LIMIT,72,0.0711,666,SE**,HDFCBANK.NS,2026-02-20 11:36:00,TRD****,28289.0,0.091,
NSE,146,0.1443,914.89,0.2832,2026-02-20 11:37:15,ORD000*******,915.0,0.2833,PARTIAL,2026-02-20 11:37:00,LIMIT,614,0.6136,667,SE**,HDFCBANK.NS,2026-02-20 11:37:00,TRD****,11415.0,0.0367,
NSE,431,0.4299,915.18,0.2833,2026-02-20 11:38:56,ORD000*******,914.85,0.2832,CANCELLED,2026-02-20 11:38:00,LIMIT,757,0.7568,668,B**,HDFCBANK.NS,2026-02-20 11:38:00,TRD****,24642.0,0.0793,
NSE,372,0.3707,914.82,0.2832,2026-02-20 11:39:25,ORD000*******,914.55,0.2831,CANCELLED,2026-02-20 11:39:00,LIMIT,449,0.4484,669,SE**,HDFCBANK.NS,2026-02-20 11:39:00,TRD****,34759.0,0.1118,
NSE,193,0.5281,914.17,0.2829,2026-02-20 11:40:18,ORD000*******,914.6,0.2831,FILLED,2026-02-20 11:40:00,MARKET,193,0.1922,670,B**,HDFCBANK.NS,2026-02-20 11:40:00,TRD****,44415.0,0.1429,
NSE,463,0.4619,914.66,0.2831,2026-02-20 11:41:43,ORD000*******,915.1,0.2833,FILLED,2026-02-20 11:41:00,MARKET,576,0.5756,671,SE**,HDFCBANK.NS,2026-02-20 11:41:00,TRD****,23209.0,0.0747,
NSE,99,0.0972,915.39,0.2834,2026-02-20 11:42:27,ORD000*******,914.95,0.2833,FILLED,2026-02-20 11:42:00,MARKET,664,0.6637,672,B**,HDFCBANK.NS,2026-02-20 11:42:00,TRD****,32898.0,0.1058,
NSE,758,0.7575,914.75,0.2832,2026-02-20 11:43:04,ORD000*******,915.0,0.2833,FILLED,2026-02-20 11:43:00,STOP,854,0.8539,673,B**,HDFCBANK.NS,2026-02-20 11:43:00,TRD****,35211.0,0.1133,
NSE,124,0.5902,915.26,0.2834,2026-02-20 11:44:29,ORD000*******,915.0,0.2833,CANCELLED,2026-02-20 11:44:00,MARKET,124,0.1231,674,B**,HDFCBANK.NS,2026-02-20 11:44:00,TRD****,20793.0,0.0669,
NSE,174,0.4499,915.03,0.2833,2026-02-20 11:45:23,ORD000*******,915.25,0.2834,PARTIAL,2026-02-20 11:45:00,LIMIT,174,0.1732,675,B**,HDFCBANK.NS,2026-02-20 11:45:00,TRD****,47852.0,0.154,
NSE,353,0.3517,916.18,0.2837,2026-02-20 11:46:23,ORD000*******,916.05,0.2837,FILLED,2026-02-20 11:46:00,MARKET,742,0.7417,676,B**,HDFCBANK.NS,2026-02-20 11:46:00,TRD****,95161.0,0.3062,
NSE,43,0.0411,914.92,0.2832,2026-02-20 11:47:51,ORD000*******,915.3,0.2834,FILLED,2026-02-20 11:47:00,LIMIT,930,0.9299,677,B**,HDFCBANK.NS,2026-02-20 11:47:00,TRD****,41349.0,0.133,
NSE,257,0.2555,915.37,0.2834,2026-02-20 11:48:02,ORD000*******,915.3,0.2834,FILLED,2026-02-20 11:48:00,LIMIT,999,0.999,678,SE**,HDFCBANK.NS,2026-02-20 11:48:00,TRD****,8378.0,0.027,
NSE,545,0.7595,915.37,0.2834,2026-02-20 11:49:44,ORD000*******,915.4,0.2835,PARTIAL,2026-02-20 11:49:00,STOP,545,0.5445,679,B**,HDFCBANK.NS,2026-02-20 11:49:00,TRD****,16377.0,0.0527,
NSE,200,0.1984,915.99,0.2837,2026-02-20 11:50:22,ORD000*******,915.5,0.2835,FILLED,2026-02-20 11:50:00,MARKET,475,0.4745,680,B**,HDFCBANK.NS,2026-02-20 11:50:00,TRD****,25684.0,0.0826,
NSE,276,0.2745,915.75,0.2836,2026-02-20 11:51:48,ORD000*******,915.5,0.2835,CANCELLED,2026-02-20 11:51:00,MARKET,325,0.3243,681,B**,HDFCBANK.NS,2026-02-20 11:51:00,TRD****,22942.0,0.0738,
NSE,138,0.1363,915.45,0.2834,2026-02-20 11:52:30,ORD000*******,915.8,0.2836,FILLED,2026-02-20 11:52:00,STOP,333,0.3323,682,SE**,HDFCBANK.NS,2026-02-20 11:52:00,TRD****,38943.0,0.1253,
NSE,649,0.6483,915.46,0.2834,2026-02-20 11:53:33,ORD000*******,915.85,0.2836,CANCELLED,2026-02-20 11:53:00,STOP,920,0.9199,683,B**,HDFCBANK.NS,2026-02-20 11:53:00,TRD****,50505.0,0.1625,
NSE,597,0.5962,914.39,0.283,2026-02-20 11:54:51,ORD000*******,914.75,0.2832,FILLED,2026-02-20 11:54:00,LIMIT,693,0.6927,684,B**,HDFCBANK.NS,2026-02-20 11:54:00,TRD****,92075.0,0.2962,
NSE,322,0.3206,914.68,0.2831,2026-02-20 11:55:33,ORD000*******,914.95,0.2833,FILLED,2026-02-20 11:55:00,LIMIT,571,0.5706,685,B**,HDFCBANK.NS,2026-02-20 11:55:00,TRD****,12113.0,0.039,
NSE,301,0.7585,914.77,0.2832,2026-02-20 11:56:59,ORD000*******,915.15,0.2834,FILLED,2026-02-20 11:56:00,LIMIT,301,0.3003,686,B**,HDFCBANK.NS,2026-02-20 11:56:00,TRD****,18482.0,0.0595,
NSE,58,0.7745,915.3,0.2834,2026-02-20 11:57:07,ORD000*******,915.6,0.2835,FILLED,2026-02-20 11:57:00,LIMIT,58,0.0571,687,SE**,HDFCBANK.NS,2026-02-20 11:57:00,TRD****,25055.0,0.0806,
NSE,7,0.483,915.31,0.2834,2026-02-20 11:58:06,ORD000*******,915.7,0.2836,CANCELLED,2026-02-20 11:58:00,STOP,7,0.006,688,SE**,HDFCBANK.NS,2026-02-20 11:58:00,TRD****,24814.0,0.0798,
NSE,61,0.5601,915.43,0.2834,2026-02-20 11:59:55,ORD000*******,915.3,0.2834,CANCELLED,2026-02-20 11:59:00,STOP,61,0.0601,689,B**,HDFCBANK.NS,2026-02-20 11:59:00,TRD****,10366.0,0.0334,
NSE,148,0.7545,915.09,0.2833,2026-02-20 12:00:07,ORD000*******,915.05,0.2833,FILLED,2026-02-20 12:00:00,STOP,148,0.1471,690,B**,HDFCBANK.NS,2026-02-20 12:00:00,TRD****,19523.0,0.0628,
NSE,84,0.0822,915.02,0.2833,2026-02-20 12:01:59,ORD000*******,914.55,0.2831,FILLED,2026-02-20 12:01:00,STOP,127,0.1261,691,SE**,HDFCBANK.NS,2026-02-20 12:01:00,TRD****,7359.0,0.0237,
NSE,15,0.013,915.12,0.2833,2026-02-20 12:02:48,ORD000*******,914.7,0.2832,FILLED,2026-02-20 12:02:00,STOP,232,0.2312,692,B**,HDFCBANK.NS,2026-02-20 12:02:00,TRD****,5756.0,0.0185,
NSE,245,0.8236,914.67,0.2831,2026-02-20 12:03:22,ORD000*******,914.75,0.2832,FILLED,2026-02-20 12:03:00,LIMIT,245,0.2442,693,SE**,HDFCBANK.NS,2026-02-20 12:03:00,TRD****,13572.0,0.0437,
NSE,337,0.3357,914.63,0.2831,2026-02-20 12:04:45,ORD000*******,914.65,0.2832,PARTIAL,2026-02-20 12:04:00,LIMIT,687,0.6867,694,B**,HDFCBANK.NS,2026-02-20 12:04:00,TRD****,10655.0,0.0343,
NSE,515,0.514,913.86,0.2828,2026-02-20 12:05:19,ORD000*******,914.1,0.2829,CANCELLED,2026-02-20 12:05:00,LIMIT,701,0.7007,695,B**,HDFCBANK.NS,2026-02-20 12:05:00,TRD****,16582.0,0.0534,
NSE,137,0.2695,914.0,0.2829,2026-02-20 12:06:31,ORD000*******,914.15,0.283,FILLED,2026-02-20 12:06:00,STOP,137,0.1361,696,SE**,HDFCBANK.NS,2026-02-20 12:06:00,TRD****,17582.0,0.0566,
NSE,468,0.4669,913.74,0.2828,2026-02-20 12:07:32,ORD000*******,913.8,0.2828,PARTIAL,2026-02-20 12:07:00,MARKET,718,0.7177,697,SE**,HDFCBANK.NS,2026-02-20 12:07:00,TRD****,8941.0,0.0288,
NSE,446,0.977,914.2,0.2829,2026-02-20 12:08:14,ORD000*******,914.0,0.2829,FILLED,2026-02-20 12:08:00,MARKET,446,0.4454,698,SE**,HDFCBANK.NS,2026-02-20 12:08:00,TRD****,10521.0,0.0339,
NSE,31,0.0291,913.93,0.2828,2026-02-20 12:09:34,ORD000*******,913.65,0.2828,FILLED,2026-02-20 12:09:02,LIMIT,446,0.4454,699,SE**,HDFCBANK.NS,2026-02-20 12:09:02,TRD****,0.0,0.0,
NSE,175,0.5461,209.59,0.0004,2026-02-20 09:15:05,ORD000*******,209.85,0.0005,FILLED,2026-02-20 09:15:00,MARKET,175,0.1742,700,SE**,WIPRO.NS,2026-02-20 09:15:00,TRD****,0.0,0.0,
NSE,87,0.0852,209.55,0.0004,2026-02-20 09:16:51,ORD000*******,209.41,0.0003,FILLED,2026-02-20 09:16:00,MARKET,97,0.0961,701,B**,WIPRO.NS,2026-02-20 09:16:00,TRD****,127211.7927270113,0.7734,
NSE,112,0.7806,209.33,0.0003,2026-02-20 09:17:22,ORD000*******,209.14,0.0002,PARTIAL,2026-02-20 09:17:00,MARKET,112,0.1111,702,SE**,WIPRO.NS,2026-02-20 09:17:00,TRD****,125179.0,0.4028,
NSE,201,0.1994,209.16,0.0002,2026-02-20 09:18:01,ORD000*******,208.86,0.0001,PARTIAL,2026-02-20 09:18:00,LIMIT,709,0.7087,703,SE**,WIPRO.NS,2026-02-20 09:18:00,TRD****,127211.7927270113,0.6512,
NSE,515,0.514,209.53,0.0004,2026-02-20 09:19:45,ORD000*******,209.25,0.0002,FILLED,2026-02-20 09:19:00,LIMIT,835,0.8348,704,B**,WIPRO.NS,2026-02-20 09:19:00,TRD****,110424.0,0.3553,
NSE,238,0.2365,209.02,0.0002,2026-02-20 09:20:15,ORD000*******,209.46,0.0003,CANCELLED,2026-02-20 09:20:00,MARKET,977,0.977,705,SE**,WIPRO.NS,2026-02-20 09:20:00,TRD****,67912.0,0.2185,
NSE,35,0.0331,209.91,0.0005,2026-02-20 09:21:23,ORD000*******,209.85,0.0005,FILLED,2026-02-20 09:21:00,STOP,869,0.8689,706,B**,WIPRO.NS,2026-02-20 09:21:00,TRD****,68019.0,0.2188,
NSE,205,0.481,209.29,0.0003,2026-02-20 09:22:38,ORD000*******,209.58,0.0004,FILLED,2026-02-20 09:22:00,MARKET,205,0.2042,707,B**,WIPRO.NS,2026-02-20 09:22:00,TRD****,62542.0,0.2012,
NSE,380,0.3788,209.97,0.0005,2026-02-20 09:23:01,ORD000*******,209.65,0.0004,FILLED,2026-02-20 09:23:00,STOP,644,0.6436,708,B**,WIPRO.NS,2026-02-20 09:23:00,TRD****,38508.0,0.1239,
NSE,602,0.6012,209.46,0.0003,2026-02-20 09:24:09,ORD000*******,209.0,0.0001,FILLED,2026-02-20 09:24:00,MARKET,894,0.8939,709,SE**,WIPRO.NS,2026-02-20 09:24:00,TRD****,98662.0,0.3174,
NSE,548,0.5471,209.2,0.0002,2026-02-20 09:25:20,ORD000*******,208.95,0.0001,PARTIAL,2026-02-20 09:25:00,LIMIT,667,0.6667,710,B**,WIPRO.NS,2026-02-20 09:25:00,TRD****,68461.0,0.2203,
NSE,501,0.6132,208.92,0.0001,2026-02-20 09:26:26,ORD000*******,209.16,0.0002,FILLED,2026-02-20 09:26:00,STOP,501,0.5005,711,B**,WIPRO.NS,2026-02-20 09:26:00,TRD****,46020.0,0.1481,
NSE,477,0.7134,208.89,0.0001,2026-02-20 09:27:47,ORD000*******,208.96,0.0001,FILLED,2026-02-20 09:27:00,LIMIT,477,0.4765,712,B**,WIPRO.NS,2026-02-20 09:27:00,TRD****,30811.0,0.0991,
NSE,548,0.8136,208.61,0.0,2026-02-20 09:28:48,ORD000*******,208.95,0.0001,PARTIAL,2026-02-20 09:28:00,MARKET,548,0.5475,713,B**,WIPRO.NS,2026-02-20 09:28:00,TRD****,96067.0,0.3091,
NSE,291,0.2896,208.92,0.0001,2026-02-20 09:29:57,ORD000*******,208.63,0.0,FILLED,2026-02-20 09:29:00,STOP,318,0.3173,714,B**,WIPRO.NS,2026-02-20 09:29:00,TRD****,99912.0,0.3215,
NSE,188,0.1864,209.47,0.0003,2026-02-20 09:30:32,ORD000*******,209.07,0.0002,CANCELLED,2026-02-20 09:30:00,MARKET,746,0.7457,715,B**,WIPRO.NS,2026-02-20 09:30:00,TRD****,63034.0,0.2028,
NSE,424,0.4228,209.06,0.0002,2026-02-20 09:31:51,ORD000*******,208.85,0.0001,FILLED,2026-02-20 09:31:00,LIMIT,945,0.9449,716,B**,WIPRO.NS,2026-02-20 09:31:00,TRD****,69845.0,0.2247,
NSE,348,0.3467,209.59,0.0004,2026-02-20 09:32:21,ORD000*******,209.34,0.0003,FILLED,2026-02-20 09:32:00,STOP,748,0.7477,717,SE**,WIPRO.NS,2026-02-20 09:32:00,TRD****,38095.0,0.1226,
NSE,762,0.9609,209.99,0.0006,2026-02-20 09:33:55,ORD000*******,209.7,0.0004,FILLED,2026-02-20 09:33:00,LIMIT,762,0.7618,718,B**,WIPRO.NS,2026-02-20 09:33:00,TRD****,107210.0,0.3449,
NSE,145,0.2695,209.58,0.0004,2026-02-20 09:34:39,ORD000*******,209.9,0.0005,PARTIAL,2026-02-20 09:34:00,STOP,145,0.1441,719,SE**,WIPRO.NS,2026-02-20 09:34:00,TRD****,112493.0,0.3619,
NSE,101,0.2244,210.07,0.0006,2026-02-20 09:35:42,ORD000*******,209.7,0.0004,FILLED,2026-02-20 09:35:00,STOP,101,0.1001,720,SE**,WIPRO.NS,2026-02-20 09:35:00,TRD****,33093.0,0.1065,
NSE,198,0.486,209.62,0.0004,2026-02-20 09:36:36,ORD000*******,209.78,0.0005,FILLED,2026-02-20 09:36:00,LIMIT,198,0.1972,721,SE**,WIPRO.NS,2026-02-20 09:36:00,TRD****,78460.0,0.2524,
NSE,601,0.6002,209.89,0.0005,2026-02-20 09:37:13,ORD000*******,209.73,0.0004,FILLED,2026-02-20 09:37:00,STOP,982,0.982,722,B**,WIPRO.NS,2026-02-20 09:37:00,TRD****,35884.0,0.1155,
NSE,384,0.3828,209.03,0.0002,2026-02-20 09:38:18,ORD000*******,209.44,0.0003,FILLED,2026-02-20 09:38:00,LIMIT,804,0.8038,723,B**,WIPRO.NS,2026-02-20 09:38:00,TRD****,52065.0,0.1675,
NSE,458,0.8196,209.63,0.0004,2026-02-20 09:39:30,ORD000*******,209.8,0.0005,CANCELLED,2026-02-20 09:39:00,STOP,458,0.4575,724,B**,WIPRO.NS,2026-02-20 09:39:00,TRD****,59589.0,0.1917,
NSE,363,0.6112,209.51,0.0004,2026-02-20 09:40:11,ORD000*******,209.57,0.0004,FILLED,2026-02-20 09:40:00,LIMIT,363,0.3624,725,B**,WIPRO.NS,2026-02-20 09:40:00,TRD****,25093.0,0.0807,
NSE,201,0.8577,209.37,0.0003,2026-02-20 09:41:15,ORD000*******,209.58,0.0004,FILLED,2026-02-20 09:41:00,MARKET,201,0.2002,726,B**,WIPRO.NS,2026-02-20 09:41:00,TRD****,26302.0,0.0846,
NSE,71,0.0691,209.9,0.0005,2026-02-20 09:42:20,ORD000*******,209.73,0.0004,FILLED,2026-02-20 09:42:00,LIMIT,943,0.9429,727,B**,WIPRO.NS,2026-02-20 09:42:00,TRD****,83842.0,0.2698,
NSE,284,0.2826,209.45,0.0003,2026-02-20 09:43:24,ORD000*******,209.78,0.0005,CANCELLED,2026-02-20 09:43:00,STOP,885,0.8849,728,SE**,WIPRO.NS,2026-02-20 09:43:00,TRD****,34256.0,0.1102,
NSE,213,0.2114,209.41,0.0003,2026-02-20 09:44:10,ORD000*******,209.88,0.0005,FILLED,2026-02-20 09:44:00,MARKET,967,0.967,729,SE**,WIPRO.NS,2026-02-20 09:44:00,TRD****,84152.0,0.2708,
NSE,2,0.0,210.14,0.0006,2026-02-20 09:45:33,ORD000*******,209.98,0.0005,PARTIAL,2026-02-20 09:45:00,MARKET,871,0.8709,730,B**,WIPRO.NS,2026-02-20 09:45:00,TRD****,43962.0,0.1414,
NSE,752,0.8657,210.17,0.0006,2026-02-20 09:46:19,ORD000*******,209.85,0.0005,PARTIAL,2026-02-20 09:46:00,MARKET,752,0.7518,731,SE**,WIPRO.NS,2026-02-20 09:46:00,TRD****,42266.0,0.136,
NSE,277,0.984,209.71,0.0004,2026-02-20 09:47:53,ORD000*******,210.02,0.0006,FILLED,2026-02-20 09:47:00,LIMIT,277,0.2763,732,SE**,WIPRO.NS,2026-02-20 09:47:00,TRD****,44792.0,0.1441,
NSE,54,0.8327,210.53,0.0008,2026-02-20 09:48:56,ORD000*******,210.1,0.0006,FILLED,2026-02-20 09:48:00,LIMIT,54,0.0531,733,SE**,WIPRO.NS,2026-02-20 09:48:00,TRD****,34300.0,0.1104,
NSE,616,0.9659,210.01,0.0006,2026-02-20 09:49:47,ORD000*******,210.29,0.0007,PARTIAL,2026-02-20 09:49:00,MARKET,616,0.6156,734,SE**,WIPRO.NS,2026-02-20 09:49:00,TRD****,104635.0,0.3367,
NSE,16,0.1202,210.08,0.0006,2026-02-20 09:50:31,ORD000*******,210.37,0.0007,FILLED,2026-02-20 09:50:00,STOP,16,0.015,735,B**,WIPRO.NS,2026-02-20 09:50:00,TRD****,67687.0,0.2178,
NSE,197,0.1954,210.59,0.0008,2026-02-20 09:51:02,ORD000*******,210.16,0.0006,PARTIAL,2026-02-20 09:51:00,MARKET,338,0.3373,736,B**,WIPRO.NS,2026-02-20 09:51:00,TRD****,31689.0,0.102,
NSE,142,0.1403,210.26,0.0007,2026-02-20 09:52:32,ORD000*******,209.9,0.0005,FILLED,2026-02-20 09:52:00,MARKET,272,0.2713,737,B**,WIPRO.NS,2026-02-20 09:52:00,TRD****,65026.0,0.2092,
NSE,477,0.476,209.83,0.0005,2026-02-20 09:53:28,ORD000*******,209.71,0.0004,CANCELLED,2026-02-20 09:53:00,STOP,725,0.7247,738,SE**,WIPRO.NS,2026-02-20 09:53:00,TRD****,40198.0,0.1293,
NSE,27,0.3848,209.67,0.0004,2026-02-20 09:54:16,ORD000*******,209.83,0.0005,FILLED,2026-02-20 09:54:00,LIMIT,27,0.026,739,SE**,WIPRO.NS,2026-02-20 09:54:00,TRD****,32399.0,0.1042,
NSE,405,0.4038,210.3,0.0007,2026-02-20 09:55:26,ORD000*******,209.95,0.0005,FILLED,2026-02-20 09:55:00,STOP,920,0.9199,740,SE**,WIPRO.NS,2026-02-20 09:55:00,TRD****,31220.0,0.1004,
NSE,270,0.4669,209.66,0.0004,2026-02-20 09:56:55,ORD000*******,210.0,0.0005,FILLED,2026-02-20 09:56:00,LIMIT,270,0.2693,741,SE**,WIPRO.NS,2026-02-20 09:56:00,TRD****,32685.0,0.1052,
NSE,142,0.3838,209.98,0.0005,2026-02-20 09:57:03,ORD000*******,210.0,0.0005,CANCELLED,2026-02-20 09:57:00,MARKET,142,0.1411,742,SE**,WIPRO.NS,2026-02-20 09:57:00,TRD****,41708.0,0.1342,
NSE,181,0.1794,209.55,0.0004,2026-02-20 09:58:27,ORD000*******,209.9,0.0005,FILLED,2026-02-20 09:58:00,STOP,853,0.8529,743,SE**,WIPRO.NS,2026-02-20 09:58:00,TRD****,50985.0,0.164,
NSE,287,0.2856,210.39,0.0007,2026-02-20 09:59:54,ORD000*******,210.05,0.0006,FILLED,2026-02-20 09:59:00,STOP,508,0.5075,744,B**,WIPRO.NS,2026-02-20 09:59:00,TRD****,23270.0,0.0749,
NSE,849,0.9679,210.27,0.0007,2026-02-20 10:00:26,ORD000*******,210.05,0.0006,FILLED,2026-02-20 10:00:00,LIMIT,849,0.8488,745,SE**,WIPRO.NS,2026-02-20 10:00:00,TRD****,39118.0,0.1259,
NSE,199,0.1974,210.01,0.0006,2026-02-20 10:01:02,ORD000*******,209.99,0.0005,FILLED,2026-02-20 10:01:00,LIMIT,251,0.2503,746,B**,WIPRO.NS,2026-02-20 10:01:00,TRD****,30264.0,0.0974,
NSE,141,0.509,210.4,0.0007,2026-02-20 10:02:53,ORD000*******,209.99,0.0005,FILLED,2026-02-20 10:02:00,LIMIT,141,0.1401,747,B**,WIPRO.NS,2026-02-20 10:02:00,TRD****,35390.0,0.1139,
NSE,365,0.7735,209.75,0.0005,2026-02-20 10:03:25,ORD000*******,209.86,0.0005,FILLED,2026-02-20 10:03:00,MARKET,365,0.3644,748,B**,WIPRO.NS,2026-02-20 10:03:00,TRD****,73438.0,0.2363,
NSE,152,0.4118,210.21,0.0006,2026-02-20 10:04:49,ORD000*******,209.91,0.0005,FILLED,2026-02-20 10:04:00,MARKET,152,0.1512,749,SE**,WIPRO.NS,2026-02-20 10:04:00,TRD****,19656.0,0.0632,
NSE,932,0.994,210.1,0.0006,2026-02-20 10:05:43,ORD000*******,210.12,0.0006,CANCELLED,2026-02-20 10:05:00,STOP,932,0.9319,750,B**,WIPRO.NS,2026-02-20 10:05:00,TRD****,32872.0,0.1058,
NSE,535,0.5912,210.49,0.0008,2026-02-20 10:06:35,ORD000*******,210.25,0.0006,PARTIAL,2026-02-20 10:06:00,MARKET,535,0.5345,751,SE**,WIPRO.NS,2026-02-20 10:06:00,TRD****,18142.0,0.0584,
NSE,204,0.2024,210.26,0.0007,2026-02-20 10:07:04,ORD000*******,210.25,0.0006,FILLED,2026-02-20 10:07:00,MARKET,391,0.3904,752,SE**,WIPRO.NS,2026-02-20 10:07:00,TRD****,80767.0,0.2599,
NSE,425,0.4238,210.06,0.0006,2026-02-20 10:08:54,ORD000*******,210.06,0.0006,FILLED,2026-02-20 10:08:00,MARKET,475,0.4745,753,SE**,WIPRO.NS,2026-02-20 10:08:00,TRD****,28329.0,0.0911,
NSE,271,0.2695,209.8,0.0005,2026-02-20 10:09:47,ORD000*******,210.15,0.0006,FILLED,2026-02-20 10:09:00,MARKET,343,0.3423,754,SE**,WIPRO.NS,2026-02-20 10:09:00,TRD****,63477.0,0.2042,
NSE,748,0.7475,210.1,0.0006,2026-02-20 10:10:55,ORD000*******,210.15,0.0006,CANCELLED,2026-02-20 10:10:00,LIMIT,931,0.9309,755,SE**,WIPRO.NS,2026-02-20 10:10:00,TRD****,18762.0,0.0604,
NSE,220,0.2184,210.54,0.0008,2026-02-20 10:11:06,ORD000*******,210.35,0.0007,FILLED,2026-02-20 10:11:00,LIMIT,976,0.976,756,SE**,WIPRO.NS,2026-02-20 10:11:00,TRD****,60641.0,0.1951,
NSE,72,0.0701,210.02,0.0006,2026-02-20 10:12:27,ORD000*******,210.21,0.0006,PARTIAL,2026-02-20 10:12:00,STOP,685,0.6847,757,SE**,WIPRO.NS,2026-02-20 10:12:00,TRD****,21621.0,0.0696,
NSE,189,0.9248,210.52,0.0008,2026-02-20 10:13:39,ORD000*******,210.33,0.0007,PARTIAL,2026-02-20 10:13:00,MARKET,189,0.1882,758,B**,WIPRO.NS,2026-02-20 10:13:00,TRD****,25962.0,0.0835,
NSE,56,0.8377,210.25,0.0007,2026-02-20 10:14:48,ORD000*******,210.33,0.0007,CANCELLED,2026-02-20 10:14:00,LIMIT,56,0.0551,759,SE**,WIPRO.NS,2026-02-20 10:14:00,TRD****,30973.0,0.0997,
NSE,756,0.7786,210.42,0.0007,2026-02-20 10:15:15,ORD000*******,210.56,0.0008,FILLED,2026-02-20 10:15:00,LIMIT,756,0.7558,760,SE**,WIPRO.NS,2026-02-20 10:15:00,TRD****,35057.0,0.1128,
NSE,624,0.8567,211.28,0.0011,2026-02-20 10:16:43,ORD000*******,210.92,0.0009,FILLED,2026-02-20 10:16:00,MARKET,624,0.6236,761,SE**,WIPRO.NS,2026-02-20 10:16:00,TRD****,49348.0,0.1588,
NSE,354,0.7134,211.51,0.0012,2026-02-20 10:17:08,ORD000*******,211.2,0.001,PARTIAL,2026-02-20 10:17:00,MARKET,354,0.3534,762,B**,WIPRO.NS,2026-02-20 10:17:00,TRD****,93273.0,0.3001,
NSE,343,0.3417,210.9,0.0009,2026-02-20 10:18:51,ORD000*******,210.93,0.0009,FILLED,2026-02-20 10:18:00,STOP,959,0.959,763,SE**,WIPRO.NS,2026-02-20 10:18:00,TRD****,53853.0,0.1733,
NSE,454,0.7595,210.88,0.0009,2026-02-20 10:19:09,ORD000*******,211.0,0.001,FILLED,2026-02-20 10:19:00,LIMIT,454,0.4535,764,B**,WIPRO.NS,2026-02-20 10:19:00,TRD****,74136.0,0.2385,
NSE,199,0.1974,211.01,0.001,2026-02-20 10:20:15,ORD000*******,211.13,0.001,PARTIAL,2026-02-20 10:20:00,MARKET,653,0.6527,765,SE**,WIPRO.NS,2026-02-20 10:20:00,TRD****,106072.0,0.3413,
NSE,159,0.1573,211.37,0.0011,2026-02-20 10:21:37,ORD000*******,211.1,0.001,FILLED,2026-02-20 10:21:00,MARKET,472,0.4715,766,B**,WIPRO.NS,2026-02-20 10:21:00,TRD****,111013.0,0.3572,
NSE,101,0.4409,211.05,0.001,2026-02-20 10:22:15,ORD000*******,211.25,0.0011,CANCELLED,2026-02-20 10:22:00,MARKET,101,0.1001,767,SE**,WIPRO.NS,2026-02-20 10:22:00,TRD****,34771.0,0.1119,
NSE,260,0.2585,211.96,0.0013,2026-02-20 10:23:49,ORD000*******,211.51,0.0012,CANCELLED,2026-02-20 10:23:00,STOP,980,0.98,768,SE**,WIPRO.NS,2026-02-20 10:23:00,TRD****,100745.0,0.3241,
NSE,248,0.2465,211.92,0.0013,2026-02-20 10:24:25,ORD000*******,211.83,0.0013,FILLED,2026-02-20 10:24:00,STOP,361,0.3604,769,B**,WIPRO.NS,2026-02-20 10:24:00,TRD****,77956.0,0.2508,
NSE,384,0.9128,212.3,0.0015,2026-02-20 10:25:27,ORD000*******,211.89,0.0013,FILLED,2026-02-20 10:25:00,LIMIT,384,0.3834,770,SE**,WIPRO.NS,2026-02-20 10:25:00,TRD****,34932.0,0.1124,
NSE,88,0.7124,211.98,0.0014,2026-02-20 10:26:28,ORD000*******,211.9,0.0013,FILLED,2026-02-20 10:26:00,MARKET,88,0.0871,771,B**,WIPRO.NS,2026-02-20 10:26:00,TRD****,69407.0,0.2233,
NSE,255,0.2535,211.83,0.0013,2026-02-20 10:27:37,ORD000*******,211.6,0.0012,FILLED,2026-02-20 10:27:00,MARKET,789,0.7888,772,SE**,WIPRO.NS,2026-02-20 10:27:00,TRD****,30046.0,0.0967,
NSE,44,0.4419,211.41,0.0011,2026-02-20 10:28:43,ORD000*******,211.41,0.0011,FILLED,2026-02-20 10:28:00,STOP,44,0.043,773,B**,WIPRO.NS,2026-02-20 10:28:00,TRD****,59362.0,0.191,
NSE,57,0.0551,211.73,0.0013,2026-02-20 10:29:17,ORD000*******,211.31,0.0011,FILLED,2026-02-20 10:29:00,STOP,104,0.1031,774,SE**,WIPRO.NS,2026-02-20 10:29:00,TRD****,12352.0,0.0397,
NSE,534,0.6463,211.76,0.0013,2026-02-20 10:30:13,ORD000*******,211.52,0.0012,FILLED,2026-02-20 10:30:00,STOP,534,0.5335,775,SE**,WIPRO.NS,2026-02-20 10:30:00,TRD****,30068.0,0.0967,
NSE,181,0.1794,211.67,0.0012,2026-02-20 10:31:59,ORD000*******,211.6,0.0012,FILLED,2026-02-20 10:31:00,MARKET,854,0.8539,776,B**,WIPRO.NS,2026-02-20 10:31:00,TRD****,30058.0,0.0967,
NSE,51,0.7084,212.12,0.0014,2026-02-20 10:32:25,ORD000*******,211.65,0.0012,FILLED,2026-02-20 10:32:00,STOP,51,0.0501,777,B**,WIPRO.NS,2026-02-20 10:32:00,TRD****,24337.0,0.0783,
NSE,401,0.3998,211.89,0.0013,2026-02-20 10:33:02,ORD000*******,211.73,0.0012,FILLED,2026-02-20 10:33:00,STOP,681,0.6807,778,B**,WIPRO.NS,2026-02-20 10:33:00,TRD****,23565.0,0.0758,
NSE,55,0.4479,211.44,0.0011,2026-02-20 10:34:19,ORD000*******,211.74,0.0012,FILLED,2026-02-20 10:34:00,LIMIT,55,0.0541,779,SE**,WIPRO.NS,2026-02-20 10:34:00,TRD****,15306.0,0.0492,
NSE,670,0.6733,211.48,0.0012,2026-02-20 10:35:14,ORD000*******,211.75,0.0013,PARTIAL,2026-02-20 10:35:00,STOP,670,0.6697,780,SE**,WIPRO.NS,2026-02-20 10:35:00,TRD****,36187.0,0.1164,
NSE,51,0.0491,211.75,0.0013,2026-02-20 10:36:32,ORD000*******,211.75,0.0013,CANCELLED,2026-02-20 10:36:00,LIMIT,410,0.4094,781,B**,WIPRO.NS,2026-02-20 10:36:00,TRD****,11022.0,0.0355,
NSE,863,0.987,211.78,0.0013,2026-02-20 10:37:25,ORD000*******,211.8,0.0013,PARTIAL,2026-02-20 10:37:00,STOP,863,0.8629,782,B**,WIPRO.NS,2026-02-20 10:37:00,TRD****,32976.0,0.1061,
NSE,349,0.514,211.82,0.0013,2026-02-20 10:38:48,ORD000*******,211.66,0.0012,FILLED,2026-02-20 10:38:00,STOP,349,0.3483,783,SE**,WIPRO.NS,2026-02-20 10:38:00,TRD****,16171.0,0.052,
NSE,130,0.6874,211.67,0.0012,2026-02-20 10:39:22,ORD000*******,211.74,0.0012,FILLED,2026-02-20 10:39:00,STOP,130,0.1291,784,SE**,WIPRO.NS,2026-02-20 10:39:00,TRD****,39436.0,0.1269,
NSE,78,0.4208,211.43,0.0011,2026-02-20 10:40:29,ORD000*******,211.86,0.0013,FILLED,2026-02-20 10:40:00,MARKET,78,0.0771,785,SE**,WIPRO.NS,2026-02-20 10:40:00,TRD****,37604.0,0.121,
NSE,79,0.6914,211.89,0.0013,2026-02-20 10:41:48,ORD000*******,211.76,0.0013,PARTIAL,2026-02-20 10:41:00,MARKET,79,0.0781,786,B**,WIPRO.NS,2026-02-20 10:41:00,TRD****,35819.0,0.1152,
NSE,255,0.8206,211.32,0.0011,2026-02-20 10:42:55,ORD000*******,211.7,0.0012,FILLED,2026-02-20 10:42:00,LIMIT,255,0.2543,787,B**,WIPRO.NS,2026-02-20 10:42:00,TRD****,18089.0,0.0582,
NSE,28,0.5351,211.49,0.0012,2026-02-20 10:43:33,ORD000*******,211.77,0.0013,FILLED,2026-02-20 10:43:00,MARKET,28,0.027,788,B**,WIPRO.NS,2026-02-20 10:43:00,TRD****,22134.0,0.0712,
NSE,559,0.9719,211.61,0.0012,2026-02-20 10:44:12,ORD000*******,211.68,0.0012,PARTIAL,2026-02-20 10:44:00,MARKET,559,0.5586,789,B**,WIPRO.NS,2026-02-20 10:44:00,TRD****,23271.0,0.0749,
NSE,499,0.9449,211.95,0.0013,2026-02-20 10:45:49,ORD000*******,211.8,0.0013,FILLED,2026-02-20 10:45:00,STOP,499,0.4985,790,B**,WIPRO.NS,2026-02-20 10:45:00,TRD****,21578.0,0.0694,
NSE,128,0.7826,211.95,0.0013,2026-02-20 10:46:13,ORD000*******,211.84,0.0013,PARTIAL,2026-02-20 10:46:00,LIMIT,128,0.1271,791,SE**,WIPRO.NS,2026-02-20 10:46:00,TRD****,8159.0,0.0263,
NSE,151,0.1493,211.87,0.0013,2026-02-20 10:47:37,ORD000*******,211.84,0.0013,FILLED,2026-02-20 10:47:00,MARKET,962,0.962,792,B**,WIPRO.NS,2026-02-20 10:47:00,TRD****,11842.0,0.0381,
NSE,707,0.7064,211.6,0.0012,2026-02-20 10:49:00,ORD000*******,211.96,0.0013,FILLED,2026-02-20 10:48:00,STOP,829,0.8288,793,B**,WIPRO.NS,2026-02-20 10:48:00,TRD****,33121.0,0.1066,
NSE,403,0.4188,212.22,0.0014,2026-02-20 10:49:30,ORD000*******,211.8,0.0013,PARTIAL,2026-02-20 10:49:00,MARKET,403,0.4024,794,B**,WIPRO.NS,2026-02-20 10:49:00,TRD****,11135.0,0.0358,
NSE,265,0.7265,211.5,0.0012,2026-02-20 10:50:14,ORD000*******,211.7,0.0012,FILLED,2026-02-20 10:50:00,MARKET,265,0.2643,795,SE**,WIPRO.NS,2026-02-20 10:50:00,TRD****,10199.0,0.0328,
NSE,4,0.002,211.76,0.0013,2026-02-20 10:51:34,ORD000*******,211.55,0.0012,FILLED,2026-02-20 10:51:00,MARKET,875,0.8749,796,B**,WIPRO.NS,2026-02-20 10:51:00,TRD****,32319.0,0.104,
NSE,925,0.9469,210.77,0.0009,2026-02-20 10:52:03,ORD000*******,211.11,0.001,FILLED,2026-02-20 10:52:00,LIMIT,925,0.9249,797,B**,WIPRO.NS,2026-02-20 10:52:00,TRD****,98458.0,0.3168,
NSE,237,0.2355,210.93,0.0009,2026-02-20 10:53:09,ORD000*******,210.9,0.0009,CANCELLED,2026-02-20 10:53:00,MARKET,285,0.2843,798,SE**,WIPRO.NS,2026-02-20 10:53:00,TRD****,43471.0,0.1399,
NSE,429,0.7515,211.28,0.0011,2026-02-20 10:54:30,ORD000*******,211.25,0.0011,FILLED,2026-02-20 10:54:00,STOP,429,0.4284,799,B**,WIPRO.NS,2026-02-20 10:54:00,TRD****,127211.7927270113,0.4674,
NSE,365,0.8397,210.85,0.0009,2026-02-20 10:55:52,ORD000*******,210.99,0.0009,CANCELLED,2026-02-20 10:55:00,LIMIT,365,0.3644,800,SE**,WIPRO.NS,2026-02-20 10:55:00,TRD****,127211.7927270113,0.4468,
NSE,383,0.9188,211.1,0.001,2026-02-20 10:56:58,ORD000*******,211.02,0.001,PARTIAL,2026-02-20 10:56:00,LIMIT,383,0.3824,801,SE**,WIPRO.NS,2026-02-20 10:56:00,TRD****,127211.7927270113,0.4886,
NSE,109,0.476,211.1,0.001,2026-02-20 10:57:48,ORD000*******,210.98,0.0009,FILLED,2026-02-20 10:57:00,MARKET,109,0.1081,802,SE**,WIPRO.NS,2026-02-20 10:57:00,TRD****,40569.0,0.1305,
NSE,217,0.8697,210.94,0.0009,2026-02-20 10:58:36,ORD000*******,211.09,0.001,CANCELLED,2026-02-20 10:58:00,MARKET,217,0.2162,803,SE**,WIPRO.NS,2026-02-20 10:58:00,TRD****,92256.0,0.2968,
NSE,551,0.8858,211.39,0.0011,2026-02-20 10:59:04,ORD000*******,211.0,0.001,CANCELLED,2026-02-20 10:59:00,STOP,551,0.5506,804,B**,WIPRO.NS,2026-02-20 10:59:00,TRD****,63832.0,0.2054,
NSE,26,0.024,211.09,0.001,2026-02-20 11:00:17,ORD000*******,211.15,0.001,PARTIAL,2026-02-20 11:00:00,MARKET,872,0.8719,805,SE**,WIPRO.NS,2026-02-20 11:00:00,TRD****,74043.0,0.2382,
NSE,33,0.7234,210.66,0.0008,2026-02-20 11:01:15,ORD000*******,211.15,0.001,FILLED,2026-02-20 11:01:00,STOP,33,0.032,806,B**,WIPRO.NS,2026-02-20 11:01:00,TRD****,19289.0,0.0621,
NSE,225,0.5491,211.62,0.0012,2026-02-20 11:02:53,ORD000*******,211.13,0.001,FILLED,2026-02-20 11:02:00,LIMIT,225,0.2242,807,SE**,WIPRO.NS,2026-02-20 11:02:00,TRD****,33427.0,0.1076,
NSE,359,0.3737,211.14,0.001,2026-02-20 11:03:21,ORD000*******,210.97,0.0009,CANCELLED,2026-02-20 11:03:00,MARKET,359,0.3584,808,SE**,WIPRO.NS,2026-02-20 11:03:00,TRD****,49954.0,0.1607,
NSE,264,0.2625,210.23,0.0006,2026-02-20 11:04:43,ORD000*******,210.44,0.0007,FILLED,2026-02-20 11:04:00,STOP,349,0.3483,809,SE**,WIPRO.NS,2026-02-20 11:04:00,TRD****,64306.0,0.2069,
NSE,488,0.9419,210.88,0.0009,2026-02-20 11:05:59,ORD000*******,210.7,0.0008,FILLED,2026-02-20 11:05:00,LIMIT,488,0.4875,810,B**,WIPRO.NS,2026-02-20 11:05:00,TRD****,24804.0,0.0798,
NSE,927,0.9269,210.38,0.0007,2026-02-20 11:06:58,ORD000*******,210.75,0.0009,FILLED,2026-02-20 11:06:00,LIMIT,986,0.986,811,SE**,WIPRO.NS,2026-02-20 11:06:00,TRD****,15118.0,0.0486,
NSE,79,0.3577,211.1,0.001,2026-02-20 11:07:59,ORD000*******,210.77,0.0009,FILLED,2026-02-20 11:07:00,STOP,79,0.0781,812,SE**,WIPRO.NS,2026-02-20 11:07:00,TRD****,6520.0,0.021,
NSE,196,0.1944,211.3,0.0011,2026-02-20 11:08:58,ORD000*******,210.97,0.0009,PARTIAL,2026-02-20 11:08:00,STOP,969,0.969,813,B**,WIPRO.NS,2026-02-20 11:08:00,TRD****,17665.0,0.0568,
NSE,13,0.011,210.78,0.0009,2026-02-20 11:09:52,ORD000*******,210.94,0.0009,CANCELLED,2026-02-20 11:09:00,LIMIT,222,0.2212,814,B**,WIPRO.NS,2026-02-20 11:09:00,TRD****,18537.0,0.0596,
NSE,21,0.019,211.07,0.001,2026-02-20 11:10:55,ORD000*******,210.91,0.0009,CANCELLED,2026-02-20 11:10:00,LIMIT,650,0.6496,815,B**,WIPRO.NS,2026-02-20 11:10:00,TRD****,13000.0,0.0418,
NSE,333,0.3317,210.59,0.0008,2026-02-20 11:11:52,ORD000*******,210.98,0.0009,FILLED,2026-02-20 11:11:00,STOP,347,0.3463,816,B**,WIPRO.NS,2026-02-20 11:11:00,TRD****,24331.0,0.0783,
NSE,503,0.502,210.87,0.0009,2026-02-20 11:12:47,ORD000*******,211.06,0.001,FILLED,2026-02-20 11:12:00,MARKET,722,0.7217,817,B**,WIPRO.NS,2026-02-20 11:12:00,TRD****,11672.0,0.0376,
NSE,607,0.6062,211.35,0.0011,2026-02-20 11:13:43,ORD000*******,210.91,0.0009,FILLED,2026-02-20 11:13:00,LIMIT,951,0.951,818,B**,WIPRO.NS,2026-02-20 11:13:00,TRD****,15835.0,0.0509,
NSE,275,0.2735,210.67,0.0008,2026-02-20 11:14:48,ORD000*******,210.89,0.0009,FILLED,2026-02-20 11:14:00,MARKET,332,0.3313,819,SE**,WIPRO.NS,2026-02-20 11:14:00,TRD****,5390.0,0.0173,
NSE,641,0.6403,211.23,0.0011,2026-02-20 11:15:43,ORD000*******,211.08,0.001,FILLED,2026-02-20 11:15:00,MARKET,958,0.958,820,B**,WIPRO.NS,2026-02-20 11:15:00,TRD****,16069.0,0.0517,
NSE,636,0.6353,211.17,0.001,2026-02-20 11:16:47,ORD000*******,211.2,0.001,FILLED,2026-02-20 11:16:00,STOP,875,0.8749,821,SE**,WIPRO.NS,2026-02-20 11:16:00,TRD****,30511.0,0.0982,
NSE,836,0.8357,210.86,0.0009,2026-02-20 11:17:11,ORD000*******,211.23,0.001,FILLED,2026-02-20 11:17:00,MARKET,915,0.9149,822,B**,WIPRO.NS,2026-02-20 11:17:00,TRD****,15991.0,0.0515,
NSE,165,0.6984,211.81,0.0013,2026-02-20 11:18:06,ORD000*******,211.32,0.0011,FILLED,2026-02-20 11:18:00,MARKET,165,0.1642,823,B**,WIPRO.NS,2026-02-20 11:18:00,TRD****,9693.0,0.0312,
NSE,482,0.7816,211.7,0.0012,2026-02-20 11:19:40,ORD000*******,211.33,0.0011,FILLED,2026-02-20 11:19:00,STOP,482,0.4815,824,SE**,WIPRO.NS,2026-02-20 11:19:00,TRD****,10927.0,0.0352,
NSE,180,0.4659,211.14,0.001,2026-02-20 11:20:26,ORD000*******,211.35,0.0011,FILLED,2026-02-20 11:20:00,LIMIT,180,0.1792,825,B**,WIPRO.NS,2026-02-20 11:20:00,TRD****,31887.0,0.1026,
NSE,311,0.3096,211.89,0.0013,2026-02-20 11:21:41,ORD000*******,211.4,0.0011,PARTIAL,2026-02-20 11:21:00,STOP,727,0.7267,826,SE**,WIPRO.NS,2026-02-20 11:21:00,TRD****,31886.0,0.1026,
NSE,317,0.3156,211.35,0.0011,2026-02-20 11:22:50,ORD000*******,211.36,0.0011,FILLED,2026-02-20 11:22:00,MARKET,505,0.5045,827,B**,WIPRO.NS,2026-02-20 11:22:00,TRD****,28947.0,0.0931,
NSE,433,0.4319,211.45,0.0011,2026-02-20 11:23:20,ORD000*******,211.49,0.0011,FILLED,2026-02-20 11:23:00,MARKET,850,0.8498,828,SE**,WIPRO.NS,2026-02-20 11:23:00,TRD****,20124.0,0.0647,
NSE,816,0.8156,211.6,0.0012,2026-02-20 11:24:50,ORD000*******,211.49,0.0011,CANCELLED,2026-02-20 11:24:00,STOP,898,0.8979,829,B**,WIPRO.NS,2026-02-20 11:24:00,TRD****,15327.0,0.0493,
NSE,197,0.9279,211.18,0.001,2026-02-20 11:25:57,ORD000*******,211.54,0.0012,FILLED,2026-02-20 11:25:00,MARKET,197,0.1962,830,SE**,WIPRO.NS,2026-02-20 11:25:00,TRD****,15334.0,0.0493,
NSE,30,0.1253,211.69,0.0012,2026-02-20 11:26:42,ORD000*******,211.47,0.0011,FILLED,2026-02-20 11:26:00,STOP,30,0.029,831,SE**,WIPRO.NS,2026-02-20 11:26:00,TRD****,11106.0,0.0357,
NSE,3,0.001,211.54,0.0012,2026-02-20 11:27:07,ORD000*******,211.53,0.0012,FILLED,2026-02-20 11:27:00,STOP,684,0.6837,832,B**,WIPRO.NS,2026-02-20 11:27:00,TRD****,9659.0,0.0311,
NSE,433,0.4319,211.46,0.0011,2026-02-20 11:28:53,ORD000*******,211.55,0.0012,CANCELLED,2026-02-20 11:28:00,MARKET,786,0.7858,833,B**,WIPRO.NS,2026-02-20 11:28:00,TRD****,18640.0,0.06,
NSE,606,0.6643,211.38,0.0011,2026-02-20 11:29:02,ORD000*******,211.55,0.0012,FILLED,2026-02-20 11:29:00,MARKET,606,0.6056,834,B**,WIPRO.NS,2026-02-20 11:29:00,TRD****,45302.0,0.1458,
NSE,144,0.9038,211.49,0.0012,2026-02-20 11:30:19,ORD000*******,211.58,0.0012,FILLED,2026-02-20 11:30:00,LIMIT,144,0.1431,835,B**,WIPRO.NS,2026-02-20 11:30:00,TRD****,19305.0,0.0621,
NSE,526,0.7295,211.56,0.0012,2026-02-20 11:31:21,ORD000*******,211.51,0.0012,CANCELLED,2026-02-20 11:31:00,STOP,526,0.5255,836,SE**,WIPRO.NS,2026-02-20 11:31:00,TRD****,10824.0,0.0348,
NSE,464,0.6393,211.73,0.0013,2026-02-20 11:32:05,ORD000*******,211.45,0.0011,CANCELLED,2026-02-20 11:32:00,MARKET,464,0.4635,837,SE**,WIPRO.NS,2026-02-20 11:32:00,TRD****,47157.0,0.1517,
NSE,638,0.6373,211.66,0.0012,2026-02-20 11:33:08,ORD000*******,211.51,0.0012,FILLED,2026-02-20 11:33:00,STOP,986,0.986,838,B**,WIPRO.NS,2026-02-20 11:33:00,TRD****,61735.0,0.1986,
NSE,189,0.7796,211.54,0.0012,2026-02-20 11:34:52,ORD000*******,211.47,0.0011,PARTIAL,2026-02-20 11:34:00,MARKET,189,0.1882,839,B**,WIPRO.NS,2026-02-20 11:34:00,TRD****,20943.0,0.0674,
NSE,391,0.3898,211.67,0.0012,2026-02-20 11:35:10,ORD000*******,211.53,0.0012,FILLED,2026-02-20 11:35:00,MARKET,406,0.4054,840,B**,WIPRO.NS,2026-02-20 11:35:00,TRD****,60178.0,0.1936,
NSE,73,0.4178,211.98,0.0014,2026-02-20 11:36:35,ORD000*******,211.6,0.0012,FILLED,2026-02-20 11:36:00,MARKET,73,0.0721,841,SE**,WIPRO.NS,2026-02-20 11:36:00,TRD****,36239.0,0.1166,
NSE,224,0.4269,212.1,0.0014,2026-02-20 11:37:44,ORD000*******,211.65,0.0012,FILLED,2026-02-20 11:37:00,LIMIT,224,0.2232,842,SE**,WIPRO.NS,2026-02-20 11:37:00,TRD****,15272.0,0.0491,
NSE,121,0.2184,212.07,0.0014,2026-02-20 11:38:33,ORD000*******,211.62,0.0012,FILLED,2026-02-20 11:38:00,MARKET,121,0.1201,843,SE**,WIPRO.NS,2026-02-20 11:38:00,TRD****,7636.0,0.0246,
NSE,234,0.2325,212.05,0.0014,2026-02-20 11:39:59,ORD000*******,211.58,0.0012,FILLED,2026-02-20 11:39:00,STOP,420,0.4194,844,SE**,WIPRO.NS,2026-02-20 11:39:00,TRD****,3830.0,0.0123,
NSE,374,0.3727,211.83,0.0013,2026-02-20 11:40:59,ORD000*******,211.49,0.0011,FILLED,2026-02-20 11:40:00,STOP,530,0.5295,845,B**,WIPRO.NS,2026-02-20 11:40:00,TRD****,6250.0,0.0201,
NSE,363,0.9549,211.27,0.0011,2026-02-20 11:41:30,ORD000*******,211.02,0.001,CANCELLED,2026-02-20 11:41:00,LIMIT,363,0.3624,846,SE**,WIPRO.NS,2026-02-20 11:41:00,TRD****,17186.0,0.0553,
NSE,13,0.011,211.29,0.0011,2026-02-20 11:42:11,ORD000*******,211.26,0.0011,PARTIAL,2026-02-20 11:42:00,MARKET,234,0.2332,847,B**,WIPRO.NS,2026-02-20 11:42:00,TRD****,56666.0,0.1823,
NSE,65,0.2826,211.22,0.001,2026-02-20 11:43:27,ORD000*******,211.28,0.0011,FILLED,2026-02-20 11:43:00,MARKET,65,0.0641,848,B**,WIPRO.NS,2026-02-20 11:43:00,TRD****,11320.0,0.0364,
NSE,237,0.2355,211.2,0.001,2026-02-20 11:44:08,ORD000*******,211.35,0.0011,PARTIAL,2026-02-20 11:44:00,LIMIT,677,0.6767,849,SE**,WIPRO.NS,2026-02-20 11:44:00,TRD****,6112.0,0.0197,
NSE,444,0.4429,211.37,0.0011,2026-02-20 11:45:06,ORD000*******,211.45,0.0011,CANCELLED,2026-02-20 11:45:00,LIMIT,613,0.6126,850,B**,WIPRO.NS,2026-02-20 11:45:00,TRD****,15512.0,0.0499,
NSE,234,0.2325,211.09,0.001,2026-02-20 11:46:53,ORD000*******,211.4,0.0011,FILLED,2026-02-20 11:46:00,STOP,509,0.5085,851,SE**,WIPRO.NS,2026-02-20 11:46:00,TRD****,12929.0,0.0416,
NSE,143,0.1413,211.47,0.0011,2026-02-20 11:47:08,ORD000*******,211.2,0.001,FILLED,2026-02-20 11:47:00,LIMIT,912,0.9119,852,SE**,WIPRO.NS,2026-02-20 11:47:00,TRD****,21171.0,0.0681,
NSE,597,0.5962,210.89,0.0009,2026-02-20 11:48:48,ORD000*******,211.12,0.001,PARTIAL,2026-02-20 11:48:00,STOP,817,0.8168,853,B**,WIPRO.NS,2026-02-20 11:48:00,TRD****,18940.0,0.0609,
NSE,133,0.1313,210.97,0.0009,2026-02-20 11:49:23,ORD000*******,211.18,0.001,PARTIAL,2026-02-20 11:49:00,STOP,1000,1.0,854,B**,WIPRO.NS,2026-02-20 11:49:00,TRD****,7906.0,0.0254,
NSE,667,0.6663,211.3,0.0011,2026-02-20 11:50:27,ORD000*******,211.09,0.001,FILLED,2026-02-20 11:50:00,LIMIT,817,0.8168,855,SE**,WIPRO.NS,2026-02-20 11:50:00,TRD****,10223.0,0.0329,
NSE,258,0.7976,210.71,0.0008,2026-02-20 11:51:32,ORD000*******,211.05,0.001,FILLED,2026-02-20 11:51:00,MARKET,258,0.2573,856,SE**,WIPRO.NS,2026-02-20 11:51:00,TRD****,6864.0,0.0221,
NSE,775,0.7745,211.49,0.0012,2026-02-20 11:52:09,ORD000*******,211.14,0.001,FILLED,2026-02-20 11:52:00,MARKET,861,0.8609,857,B**,WIPRO.NS,2026-02-20 11:52:00,TRD****,3229.0,0.0104,
NSE,604,0.7956,211.01,0.001,2026-02-20 11:53:32,ORD000*******,211.14,0.001,PARTIAL,2026-02-20 11:53:00,MARKET,604,0.6036,858,SE**,WIPRO.NS,2026-02-20 11:53:00,TRD****,7729.0,0.0249,
NSE,386,0.8006,211.24,0.0011,2026-02-20 11:54:40,ORD000*******,211.13,0.001,FILLED,2026-02-20 11:54:00,MARKET,386,0.3854,859,SE**,WIPRO.NS,2026-02-20 11:54:00,TRD****,18062.0,0.0581,
NSE,9,0.007,211.3,0.0011,2026-02-20 11:55:16,ORD000*******,210.96,0.0009,PARTIAL,2026-02-20 11:55:00,MARKET,804,0.8038,860,B**,WIPRO.NS,2026-02-20 11:55:00,TRD****,13325.0,0.0429,
NSE,52,0.0501,211.11,0.001,2026-02-20 11:56:07,ORD000*******,210.99,0.0009,FILLED,2026-02-20 11:56:00,MARKET,787,0.7868,861,SE**,WIPRO.NS,2026-02-20 11:56:00,TRD****,8988.0,0.0289,
NSE,265,0.7194,210.56,0.0008,2026-02-20 11:57:45,ORD000*******,211.05,0.001,FILLED,2026-02-20 11:57:00,STOP,265,0.2643,862,B**,WIPRO.NS,2026-02-20 11:57:00,TRD****,7212.0,0.0232,
NSE,123,0.1212,211.51,0.0012,2026-02-20 11:58:25,ORD000*******,211.13,0.001,FILLED,2026-02-20 11:58:00,LIMIT,576,0.5756,863,B**,WIPRO.NS,2026-02-20 11:58:00,TRD****,6984.0,0.0225,
NSE,361,0.3597,210.74,0.0009,2026-02-20 11:59:09,ORD000*******,211.04,0.001,FILLED,2026-02-20 11:59:00,STOP,576,0.5756,864,SE**,WIPRO.NS,2026-02-20 11:59:00,TRD****,23899.0,0.0769,
NSE,588,0.5872,211.28,0.0011,2026-02-20 12:00:19,ORD000*******,210.95,0.0009,FILLED,2026-02-20 12:00:00,MARKET,978,0.978,865,SE**,WIPRO.NS,2026-02-20 12:00:00,TRD****,4646.0,0.0149,
NSE,85,0.1122,210.5,0.0008,2026-02-20 12:01:18,ORD000*******,210.99,0.0009,PARTIAL,2026-02-20 12:01:00,STOP,85,0.0841,866,B**,WIPRO.NS,2026-02-20 12:01:00,TRD****,6192.0,0.0199,
NSE,251,0.3808,211.2,0.001,2026-02-20 12:02:49,ORD000*******,210.98,0.0009,FILLED,2026-02-20 12:02:00,MARKET,251,0.2503,867,SE**,WIPRO.NS,2026-02-20 12:02:00,TRD****,9166.0,0.0295,
NSE,565,0.5641,210.89,0.0009,2026-02-20 12:03:15,ORD000*******,210.95,0.0009,FILLED,2026-02-20 12:03:00,STOP,848,0.8478,868,B**,WIPRO.NS,2026-02-20 12:03:00,TRD****,6856.0,0.0221,
NSE,141,0.979,210.76,0.0009,2026-02-20 12:04:32,ORD000*******,210.95,0.0009,FILLED,2026-02-20 12:04:00,MARKET,141,0.1401,869,B**,WIPRO.NS,2026-02-20 12:04:00,TRD****,3810.0,0.0123,
NSE,25,0.023,211.26,0.0011,2026-02-20 12:05:28,ORD000*******,210.95,0.0009,FILLED,2026-02-20 12:05:00,STOP,822,0.8218,870,B**,WIPRO.NS,2026-02-20 12:05:00,TRD****,12509.0,0.0402,
NSE,757,0.8347,210.67,0.0008,2026-02-20 12:06:02,ORD000*******,211.0,0.001,CANCELLED,2026-02-20 12:06:00,STOP,757,0.7568,871,SE**,WIPRO.NS,2026-02-20 12:06:00,TRD****,6875.0,0.0221,
NSE,443,0.8156,211.11,0.001,2026-02-20 12:07:40,ORD000*******,210.98,0.0009,PARTIAL,2026-02-20 12:07:00,STOP,443,0.4424,872,SE**,WIPRO.NS,2026-02-20 12:07:00,TRD****,7957.0,0.0256,
NSE,161,0.1593,210.8,0.0009,2026-02-20 12:08:53,ORD000*******,210.92,0.0009,FILLED,2026-02-20 12:08:00,MARKET,438,0.4374,873,B**,WIPRO.NS,2026-02-20 12:08:00,TRD****,8224.0,0.0265,
NSE,287,0.3126,210.99,0.001,2026-02-20 12:09:27,ORD000*******,211.0,0.001,CANCELLED,2026-02-20 12:09:02,STOP,287,0.2863,874,B**,WIPRO.NS,2026-02-20 12:09:02,TRD****,0.0,0.0,
